"msg","time","node","ntc","sensor","hoehe_cm","counts","T_std","T_cal","diff"
1,2026-06-29 18:16:32,1,1,"NTC1",4,1061919,-4.65207996639623,-5.55599736932533,-0.903917402929096
1,2026-06-29 18:16:32,1,2,"NTC2",8,1086055,-5.18137123577515,-6.08171687122393,-0.900345635448787
1,2026-06-29 18:16:32,1,3,"NTC3",12,1082415,-5.10235754047102,-6.04032147309164,-0.937963932620619
1,2026-06-29 18:16:32,2,1,"NTC1",16,1083198,-5.11937810344881,-6.0530062890129,-0.933628185564089
1,2026-06-29 18:16:32,2,2,"NTC2",20,1064730,-4.71438238846264,-5.64843214075876,-0.934049752296119
1,2026-06-29 18:16:32,2,3,"NTC3",24,1078627,-5.01982921420762,-5.98691579736982,-0.9670865831622
1,2026-06-29 18:16:32,3,1,"NTC1",28,1067607,-4.77796560449917,-5.67208019655698,-0.894114592057804
1,2026-06-29 18:16:32,3,2,"NTC2",32,1061286,-4.63802593264262,-5.56946853922085,-0.93144260657823
1,2026-06-29 18:16:32,3,3,"NTC3",36,1067114,-4.76708307119287,-5.67681980692379,-0.909736735730917
1,2026-06-29 18:16:32,4,1,"NTC1",40,1065877,-4.73975370433493,-5.67530122626692,-0.935547521931994
1,2026-06-29 18:16:32,4,2,"NTC2",44,1069953,-4.82967789535797,-5.71296293160725,-0.883285036249276
1,2026-06-29 18:16:32,4,3,"NTC3",48,1059124,-4.58995687424368,-5.47938910072452,-0.889432226480835
1,2026-06-29 18:16:32,5,1,"NTC1",52,1054306,-4.48245627346915,-5.35765733369107,-0.875201060221912
1,2026-06-29 18:16:32,5,2,"NTC2",56,1069707,-4.82426107429814,-5.7875558164132,-0.963294742115067
1,2026-06-29 18:16:32,5,3,"NTC3",60,1062897,-4.67377615941064,-5.52263228450778,-0.848856125097143
1,2026-06-29 18:16:32,6,1,"NTC1",64,1052099,-4.43303718239605,-5.31296939432008,-0.879932211924029
1,2026-06-29 18:16:32,6,2,"NTC2",68,1052658,-4.44556479359045,-5.34121618706382,-0.895651393473372
1,2026-06-29 18:16:32,6,3,"NTC3",72,1043856,-4.24747265249476,-5.12024726767942,-0.872774615184653
1,2026-06-29 18:16:32,7,1,"NTC1",76,1048872,-4.3605779518274,-5.18865362422196,-0.828075672394561
1,2026-06-29 18:16:32,7,2,"NTC2",80,1048900,-4.36120769240921,-5.24882048791608,-0.887612795506868
1,2026-06-29 18:16:32,7,3,"NTC3",84,1057183,-4.5467118487453,-5.43203144238197,-0.885319593636666
1,2026-06-29 18:16:32,8,1,"NTC1",88,1025807,-3.8356085922303,-4.7281536120484,-0.892545019818101
1,2026-06-29 18:16:32,8,2,"NTC2",92,1046888,-4.31591039591012,-5.18762463160732,-0.871714235697198
1,2026-06-29 18:16:32,8,3,"NTC3",96,1044241,-4.25617460791881,-5.16183839960337,-0.90566379168456
1,2026-06-29 18:16:32,9,1,"NTC1",100,1031498,-3.96630705107623,-4.86080695446611,-0.894499903389885
1,2026-06-29 18:16:32,9,2,"NTC2",104,1043967,-4.24998188102745,-5.10252525460538,-0.85254337357793
1,2026-06-29 18:16:32,9,3,"NTC3",108,1033578,-4.01388282181347,-4.91585829530118,-0.90197547348771
1,2026-06-29 18:16:32,10,1,"NTC1",112,1035253,-4.05212038928494,-4.88671604607663,-0.834595656791691
1,2026-06-29 18:16:32,10,2,"NTC2",116,1044520,-4.26247855050036,-5.1512736526085,-0.888795102108134
1,2026-06-29 18:16:32,10,3,"NTC3",120,1030413,-3.94144898488668,-4.82063214617176,-0.879183161285084
1,2026-06-29 18:16:32,11,1,"NTC1",124,1030226,-3.93716185194108,-4.78987363542007,-0.852711783478981
1,2026-06-29 18:16:32,11,2,"NTC2",128,1041792,-4.2007623617335,-5.06560428974865,-0.864841928015153
1,2026-06-29 18:16:32,11,3,"NTC3",132,1033625,-4.01495666335774,-4.88695766653666,-0.872001003178923
1,2026-06-29 18:16:32,12,1,"NTC1",136,1052109,-4.43326135257911,-5.29339181707547,-0.860130464496365
1,2026-06-29 18:16:32,12,2,"NTC2",140,1047019,-4.31886251249307,-5.2493839583779,-0.930521445884835
1,2026-06-29 18:16:32,12,3,"NTC3",144,1040403,-4.16927205332837,-5.16126496219658,-0.991992908868212
1,2026-06-29 18:16:32,13,1,"NTC1",148,1032646,-3.99257793920066,-4.88505188929543,-0.892473950094768
1,2026-06-29 18:16:32,13,2,"NTC2",152,1045857,-4.29266272874548,-5.22388809720502,-0.931225368459536
1,2026-06-29 18:16:32,13,3,"NTC3",156,1048322,-4.34820439279179,-5.29504165424811,-0.946837261456324
1,2026-06-29 18:16:32,14,1,"NTC1",160,1040741,-4.17693907194587,-5.01600372658339,-0.839064654637525
1,2026-06-29 18:16:32,14,2,"NTC2",164,1038372,-4.12314554561181,-5.01404193985979,-0.890896394247989
1,2026-06-29 18:16:32,14,3,"NTC3",168,1048519,-4.35263717635587,-5.26748239409756,-0.914845217741686
1,2026-06-29 18:16:32,15,1,"NTC1",172,1051446,-4.41839392489561,-5.28109895941685,-0.862705034521241
1,2026-06-29 18:16:32,15,2,"NTC2",176,1045383,-4.28196641784615,-5.20126509725748,-0.919298679411327
1,2026-06-29 18:16:32,15,3,"NTC3",180,1040785,-4.17793694887217,-5.12171745096168,-0.94378050208951
1,2026-06-29 18:16:32,16,1,"NTC1",184,1033700,-4.0166701317325,-4.85047014960577,-0.833800017873273
1,2026-06-29 18:16:32,16,2,"NTC2",188,1030025,-3.93255282522057,-4.83055753896178,-0.898004713741216
1,2026-06-29 18:16:32,16,3,"NTC3",192,1053470,-4.46374963361984,-5.38436094123568,-0.920611307615843
1,2026-06-29 18:16:32,17,1,"NTC1",196,1039502,-4.14882116865266,-4.95500845482542,-0.806187286172758
1,2026-06-29 18:16:32,17,2,"NTC2",200,1041413,-4.19217444375323,-5.01180010424912,-0.819625660495888
1,2026-06-29 18:16:32,17,3,"NTC3",204,1053529,-4.46507036059694,-5.29842546022894,-0.833355099632001
1,2026-06-29 18:16:32,18,1,"NTC1",208,1044784,-4.26844190899101,-5.10238692152126,-0.83394501253025
1,2026-06-29 18:16:32,18,2,"NTC2",212,1053580,-4.46621194209592,-5.3735497308266,-0.907337788730672
1,2026-06-29 18:16:32,18,3,"NTC3",216,1059535,-4.59910296989273,-5.52135517927121,-0.922252209378485
1,2026-06-29 18:16:32,19,1,"NTC1",220,1049240,-4.36885310479818,-5.21757813497896,-0.848725030180788
1,2026-06-29 18:16:32,19,2,"NTC2",224,1046268,-4.30193317143573,-5.20505161072242,-0.903118439286686
1,2026-06-29 18:16:32,19,3,"NTC3",228,1057372,-4.55092645968301,-5.48818807395605,-0.937261614273041
1,2026-06-29 18:16:32,20,1,"NTC1",232,1059216,-4.59200450556051,-5.52076725777619,-0.928762752215675
1,2026-06-29 18:16:32,20,2,"NTC2",236,1064418,-4.70747597614974,-5.58449185724993,-0.877015881100192
1,2026-06-29 18:16:32,20,3,"NTC3",240,1062191,-4.65811622792273,-5.514144742844,-0.856028514921263
1,2026-06-29 18:16:32,21,1,"NTC1",244,1050961,-4.40751169005244,-5.30754090198127,-0.900029211928825
1,2026-06-29 18:16:32,21,2,"NTC2",248,1064548,-4.71035391120967,-5.59327106878504,-0.882917157575378
1,2026-06-29 18:16:32,21,3,"NTC3",252,1062243,-4.65927003068919,-5.55277705888585,-0.893507028196666
1,2026-06-29 18:16:32,22,1,"NTC1",256,1058252,-4.57053942713856,-5.47604125514613,-0.905501828007573
1,2026-06-29 18:16:32,22,2,"NTC2",260,1072622,-4.88836271915596,-5.77133538702805,-0.882972667872082
1,2026-06-29 18:16:32,22,3,"NTC3",264,1073220,-4.90148987135996,-5.76260602408627,-0.861116152726311
1,2026-06-29 18:16:32,23,1,"NTC1",268,1090355,-5.27434802106802,-6.16642015190718,-0.892072130839153
1,2026-06-29 18:16:32,23,2,"NTC2",272,1084771,-5.15353170561656,-6.06131975637095,-0.907788050754391
1,2026-06-29 18:16:32,23,3,"NTC3",276,1092569,-5.32206771493327,-6.23514595306455,-0.913078238131277
1,2026-06-29 18:16:32,24,1,"NTC1",280,1078133,-5.0090437207262,-5.93255461187073,-0.923510891144531
1,2026-06-29 18:16:32,24,2,"NTC2",284,1060434,-4.6190954278905,-5.4892847624393,-0.870189334548797
1,2026-06-29 18:16:32,24,3,"NTC3",288,NA,NA,NA,NA
2,2026-06-29 22:15:57,1,1,"NTC1",4,1145426,-6.4317085267266,-7.41561977003215,-0.983911243305556
2,2026-06-29 22:15:57,1,2,"NTC2",8,1137292,-6.26453936925327,-7.21432140459484,-0.94978203534157
2,2026-06-29 22:15:57,1,3,"NTC3",12,1146631,-6.45636632317428,-7.45423680094456,-0.997870477770277
2,2026-06-29 22:15:57,2,1,"NTC1",16,1152545,-6.57698656218668,-7.57674211588113,-0.999755553694456
2,2026-06-29 22:15:57,2,2,"NTC2",20,1142791,-6.37769269141518,-7.38669340919085,-1.00900071777568
2,2026-06-29 22:15:57,2,3,"NTC3",24,1144210,-6.40679770638258,-7.43665305441067,-1.02985534802809
2,2026-06-29 22:15:57,3,1,"NTC1",28,1142381,-6.36927606251618,-7.33532716967642,-0.96605110716024
2,2026-06-29 22:15:57,3,2,"NTC2",32,1125266,-6.01504004210852,-7.00750522473743,-0.992465182628905
2,2026-06-29 22:15:57,3,3,"NTC3",36,1147452,-6.47315061599465,-7.45949836210264,-0.986347746107981
2,2026-06-29 22:15:57,4,1,"NTC1",40,1154032,-6.60721167910322,-7.62777568161607,-1.02056400251286
2,2026-06-29 22:15:57,4,2,"NTC2",44,1132804,-6.17175782828002,-7.1152350548802,-0.94347722660018
2,2026-06-29 22:15:57,4,3,"NTC3",48,1151421,-6.55411240452514,-7.53169389967184,-0.977581495146694
2,2026-06-29 22:15:57,5,1,"NTC1",52,1125177,-6.01318303717477,-6.95753779831119,-0.944354761136424
2,2026-06-29 22:15:57,5,2,"NTC2",56,1140617,-6.33302740140289,-7.36396788099302,-1.03094047959013
2,2026-06-29 22:15:57,5,3,"NTC3",60,1147786,-6.47997517073094,-7.40998308652343,-0.930007915792487
2,2026-06-29 22:15:57,6,1,"NTC1",64,1156220,-6.65161046431228,-7.63296494817297,-0.981354483860684
2,2026-06-29 22:15:57,6,2,"NTC2",68,1153651,-6.59947132023075,-7.59165545940772,-0.99218413917697
2,2026-06-29 22:15:57,6,3,"NTC3",72,1156746,-6.66227074502154,-7.64282265684875,-0.980551911827206
2,2026-06-29 22:15:57,7,1,"NTC1",76,1158978,-6.70744889684329,-7.64126498357155,-0.933816086728257
2,2026-06-29 22:15:57,7,2,"NTC2",80,1147314,-6.47033027423197,-7.45132507592575,-0.980994801693782
2,2026-06-29 22:15:57,7,3,"NTC3",84,1154048,-6.60753667423751,-7.58497156696438,-0.977434892726876
2,2026-06-29 22:15:57,8,1,"NTC1",88,1149377,-6.51245484786205,-7.5231858743424,-1.01073102648036
2,2026-06-29 22:15:57,8,2,"NTC2",92,1141368,-6.34846706906347,-7.3110563039836,-0.962589234920131
2,2026-06-29 22:15:57,8,3,"NTC3",96,1157189,-6.67124490341109,-7.68548549784185,-1.01424059443076
2,2026-06-29 22:15:57,9,1,"NTC1",100,1156567,-6.65864358400233,-7.67605575559122,-1.01741217158889
2,2026-06-29 22:15:57,9,2,"NTC2",104,1152087,-6.56766881160291,-7.52504315555558,-0.957374343952665
2,2026-06-29 22:15:57,9,3,"NTC3",108,1165158,-6.8320593550261,-7.85945690420567,-1.02739754917957
2,2026-06-29 22:15:57,10,1,"NTC1",112,1155107,-6.62903667031804,-7.57891727458048,-0.949880604262432
2,2026-06-29 22:15:57,10,2,"NTC2",116,1154519,-6.61710157805544,-7.61124209539724,-0.994140517341805
2,2026-06-29 22:15:57,10,3,"NTC3",120,1163426,-6.7972069396015,-7.80395216551256,-1.00674522591106
2,2026-06-29 22:15:57,11,1,"NTC1",124,1151948,-6.56484015803312,-7.53591909565068,-0.971078937617563
2,2026-06-29 22:15:57,11,2,"NTC2",128,1134403,-6.20485907838275,-7.15903468478712,-0.954175606404362
2,2026-06-29 22:15:57,11,3,"NTC3",132,1150356,-6.53241706841033,-7.51632498417109,-0.983907915760767
2,2026-06-29 22:15:57,12,1,"NTC1",136,1143351,-6.38918339554868,-7.33750057414147,-0.948317178592788
2,2026-06-29 22:15:57,12,2,"NTC2",140,1123391,-5.97588468037281,-6.97920233118663,-1.00331765081381
2,2026-06-29 22:15:57,12,3,"NTC3",144,1163347,-6.79561594014496,-7.91381559772839,-1.11819965758343
2,2026-06-29 22:15:57,13,1,"NTC1",148,1150517,-6.53569819983414,-7.54364570396734,-1.0079475041332
2,2026-06-29 22:15:57,13,2,"NTC2",152,1138231,-6.2839023324799,-7.30327690341642,-1.01937457093652
2,2026-06-29 22:15:57,13,3,"NTC3",156,1159521,-6.71842586829285,-7.7715768630087,-1.05315099471585
2,2026-06-29 22:15:57,14,1,"NTC1",160,1158871,-6.70528520419714,-7.65870590665492,-0.953420702457777
2,2026-06-29 22:15:57,14,2,"NTC2",164,1159739,-6.72283129623224,-7.73020888901004,-1.0073775927778
2,2026-06-29 22:15:57,14,3,"NTC3",168,1166959,-6.86824206816766,-7.89269658952719,-1.02445452135953
2,2026-06-29 22:15:57,15,1,"NTC1",172,1157058,-6.6685915249073,-7.63244513160879,-0.963853606701491
2,2026-06-29 22:15:57,15,2,"NTC2",176,1153192,-6.59014271917391,-7.61180514943442,-1.02166243026051
2,2026-06-29 22:15:57,15,3,"NTC3",180,1173134,-6.99185244434091,-8.06799710474274,-1.07614466040184
2,2026-06-29 22:15:57,16,1,"NTC1",184,1180172,-7.13190111360075,-8.10530825094565,-0.973407137344907
2,2026-06-29 22:15:57,16,2,"NTC2",188,1148792,-6.50051783865968,-7.5130733900408,-1.01255555138113
2,2026-06-29 22:15:57,16,3,"NTC3",192,1153719,-6.60085300036712,-7.61945930881308,-1.01860630844595
2,2026-06-29 22:15:57,17,1,"NTC1",196,1171146,-6.95213225973691,-7.88618966379926,-0.934057404062344
2,2026-06-29 22:15:57,17,2,"NTC2",200,1147735,-6.47893323436148,-7.40016858922166,-0.921235354860187
2,2026-06-29 22:15:57,17,3,"NTC3",204,1173809,-7.00532272251934,-7.95434457917753,-0.949021856658192
2,2026-06-29 22:15:57,18,1,"NTC1",208,1173033,-6.98983618594445,-7.94643701780075,-0.956600831856292
2,2026-06-29 22:15:57,18,2,"NTC2",212,1151351,-6.55268707382356,-7.55391179343462,-1.00122471961106
2,2026-06-29 22:15:57,18,3,"NTC3",216,1176951,-7.06791665442518,-8.11021581861002,-1.04229916418484
2,2026-06-29 22:15:57,19,1,"NTC1",220,1174005,-7.00923255605812,-7.97831401588536,-0.969081459827237
2,2026-06-29 22:15:57,19,2,"NTC2",224,1153768,-6.60184856927123,-7.60852177715628,-1.00667320788506
2,2026-06-29 22:15:57,19,3,"NTC3",228,1168594,-6.90103859508133,-7.94598358426481,-1.04494498918348
2,2026-06-29 22:15:57,20,1,"NTC1",232,1175926,-7.04751638424602,-8.08892757081998,-1.04141118657395
2,2026-06-29 22:15:57,20,2,"NTC2",236,1167965,-6.88842721591027,-7.86415188233468,-0.975724666424412
2,2026-06-29 22:15:57,20,3,"NTC3",240,1169896,-6.92712072159429,-7.88611857984336,-0.958997858249063
2,2026-06-29 22:15:57,21,1,"NTC1",244,1160149,-6.73111435660894,-7.7348513243773,-1.00373696776836
2,2026-06-29 22:15:57,21,2,"NTC2",248,1151681,-6.55940568522288,-7.52571501885188,-0.966309333628999
2,2026-06-29 22:15:57,21,3,"NTC3",252,1154002,-6.6066023003446,-7.58390737242092,-0.97730507207632
2,2026-06-29 22:15:57,22,1,"NTC1",256,1163016,-6.7889486088115,-7.79744037722145,-1.00849176840995
2,2026-06-29 22:15:57,22,2,"NTC2",260,1150638,-6.53816382268326,-7.49606112961459,-0.957897306931329
2,2026-06-29 22:15:57,22,3,"NTC3",264,1166533,-6.85968892485096,-7.81014213765525,-0.950453212804291
2,2026-06-29 22:15:57,23,1,"NTC1",268,1174978,-7.02863186369564,-8.0010196064876,-0.972387742791966
2,2026-06-29 22:15:57,23,2,"NTC2",272,1165966,-6.84829967734498,-7.83205892023165,-0.983759242886663
2,2026-06-29 22:15:57,23,3,"NTC3",276,1167124,-6.87155401677961,-7.85488089310843,-0.983326876328817
2,2026-06-29 22:15:57,24,1,"NTC1",280,1174379,-7.01669124004525,-8.03515563854864,-1.0184643985034
2,2026-06-29 22:15:57,24,2,"NTC2",284,1150850,-6.5424830937497,-7.49981473916512,-0.957331645415422
2,2026-06-29 22:15:57,24,3,"NTC3",288,NA,NA,NA,NA
3,2026-06-30 02:15:57,1,1,"NTC1",4,1467628,-12.2083421332268,-13.4886740470167,-1.28033191378984
3,2026-06-30 02:15:57,1,2,"NTC2",8,1472902,-12.291532020291,-13.5528217301948,-1.26128970990374
3,2026-06-30 02:15:57,1,3,"NTC3",12,1466796,-12.1951904972385,-13.4821206796369,-1.28693018239846
3,2026-06-30 02:15:57,2,1,"NTC1",16,1471085,-12.262905979699,-13.5551196484772,-1.29221366877823
3,2026-06-30 02:15:57,2,2,"NTC2",20,1469031,-12.2305023875397,-13.5407384283845,-1.31023604084476
3,2026-06-30 02:15:57,2,3,"NTC3",24,1465727,-12.1782812960936,-13.5043935242109,-1.32611222811721
3,2026-06-30 02:15:57,3,1,"NTC1",28,1463306,-12.1399396056978,-13.4031077304673,-1.26316812476949
3,2026-06-30 02:15:57,3,2,"NTC2",32,1462956,-12.1343912215397,-13.4371817590097,-1.30279053746995
3,2026-06-30 02:15:57,3,3,"NTC3",36,1467225,-12.2019727655685,-13.4819830290865,-1.28001026351791
3,2026-06-30 02:15:57,4,1,"NTC1",40,1465254,-12.1707954476815,-13.4788303968083,-1.30803494912681
3,2026-06-30 02:15:57,4,2,"NTC2",44,1467846,-12.2117868494,-13.4637993653775,-1.25201251597747
3,2026-06-30 02:15:57,4,3,"NTC3",48,1464128,-12.1529650250245,-13.4177625261507,-1.26479750112622
3,2026-06-30 02:15:57,5,1,"NTC1",52,1464961,-12.1661570918967,-13.4289690860986,-1.26281199420185
3,2026-06-30 02:15:57,5,2,"NTC2",56,1463635,-12.1451538442699,-13.4729265371238,-1.32777269285396
3,2026-06-30 02:15:57,5,3,"NTC3",60,1470027,-12.2462209349123,-13.4725683019847,-1.22634736707232
3,2026-06-30 02:15:57,6,1,"NTC1",64,1464933,-12.1657137861915,-13.4360658369064,-1.27035205071485
3,2026-06-30 02:15:57,6,2,"NTC2",68,1464248,-12.1548659179057,-13.432772065859,-1.27790614795327
3,2026-06-30 02:15:57,6,3,"NTC3",72,1464864,-12.1646213171376,-13.4279394950664,-1.26331817792885
3,2026-06-30 02:15:57,7,1,"NTC1",76,1465842,-12.1801009478434,-13.3972767613539,-1.21717581351049
3,2026-06-30 02:15:57,7,2,"NTC2",80,1463954,-12.1502084461531,-13.4205388931559,-1.27033044700283
3,2026-06-30 02:15:57,7,3,"NTC3",84,1466386,-12.1887067057354,-13.4532142441374,-1.26450753840203
3,2026-06-30 02:15:57,8,1,"NTC1",88,1457106,-12.0414515460648,-13.3350061770717,-1.29355463100688
3,2026-06-30 02:15:57,8,2,"NTC2",92,1460629,-12.0974676924265,-13.3555272765404,-1.25805958411394
3,2026-06-30 02:15:57,8,3,"NTC3",96,1462715,-12.1305699701467,-13.4270611219231,-1.29649115177642
3,2026-06-30 02:15:57,9,1,"NTC1",100,1459100,-12.0731734675572,-13.3789137439999,-1.30574027644269
3,2026-06-30 02:15:57,9,2,"NTC2",104,1459301,-12.0763686419376,-13.3196180207869,-1.24324937884927
3,2026-06-30 02:15:57,9,3,"NTC3",108,1461697,-12.1144216127772,-13.4130990397134,-1.29867742693619
3,2026-06-30 02:15:57,10,1,"NTC1",112,1460152,-12.0898914620182,-13.3211893078168,-1.23129784579857
3,2026-06-30 02:15:57,10,2,"NTC2",116,1457327,-12.0449695631456,-13.3180067432722,-1.27303718012661
3,2026-06-30 02:15:57,10,3,"NTC3",120,1463203,-12.1383069370401,-13.4207536127886,-1.28244667574853
3,2026-06-30 02:15:57,11,1,"NTC1",124,1456012,-12.0240284857778,-13.2776737758166,-1.25364529003883
3,2026-06-30 02:15:57,11,2,"NTC2",128,1460502,-12.0954507892356,-13.3516653380177,-1.25621454878211
3,2026-06-30 02:15:57,11,3,"NTC3",132,1456696,-12.0349234555202,-13.3011045449068,-1.26618108938652
3,2026-06-30 02:15:57,12,1,"NTC1",136,1462450,-12.1263674327061,-13.3702618181381,-1.24389438543204
3,2026-06-30 02:15:57,12,2,"NTC2",140,1451648,-11.9543932005811,-13.2588535867959,-1.30446038621477
3,2026-06-30 02:15:57,12,3,"NTC3",144,1454713,-12.0033231109867,-13.4068622130015,-1.40353910201486
3,2026-06-30 02:15:57,13,1,"NTC1",148,1451253,-11.9480796629051,-13.2400013835859,-1.29192172068082
3,2026-06-30 02:15:57,13,2,"NTC2",152,1456682,-12.0347005117731,-13.3463754429365,-1.3116749311634
3,2026-06-30 02:15:57,13,3,"NTC3",156,1454372,-11.9978846015323,-13.322045362733,-1.32416076120074
3,2026-06-30 02:15:57,14,1,"NTC1",160,1458036,-12.056252171798,-13.2893479673692,-1.23309579557122
3,2026-06-30 02:15:57,14,2,"NTC2",164,1453615,-11.9858067431206,-13.263773794665,-1.27796705154441
3,2026-06-30 02:15:57,14,3,"NTC3",168,1454671,-12.0026533360145,-13.2892863336234,-1.28663299760888
3,2026-06-30 02:15:57,15,1,"NTC1",172,1454907,-12.0064165755429,-13.2448531405731,-1.23843656503016
3,2026-06-30 02:15:57,15,2,"NTC2",176,1454668,-12.0026054941845,-13.299811324668,-1.29720583048351
3,2026-06-30 02:15:57,15,3,"NTC3",180,1455876,-12.0218616075603,-13.3826078074755,-1.36074619991524
3,2026-06-30 02:15:57,16,1,"NTC1",184,1461301,-12.1081368124911,-13.3389146290227,-1.2307778165316
3,2026-06-30 02:15:57,16,2,"NTC2",188,1454081,-11.9932424907902,-13.2882295393435,-1.29498704855331
3,2026-06-30 02:15:57,16,3,"NTC3",192,1453717,-11.9874345196774,-13.2976222096609,-1.31018768998348
3,2026-06-30 02:15:57,17,1,"NTC1",196,1457601,-12.0493305064336,-13.2502792260037,-1.20094871957014
3,2026-06-30 02:15:57,17,2,"NTC2",200,1459101,-12.0731893650665,-13.280358650556,-1.20716928548956
3,2026-06-30 02:15:57,17,3,"NTC3",204,1458091,-12.0571271737763,-13.2690712707798,-1.21194409700354
3,2026-06-30 02:15:57,18,1,"NTC1",208,1454176,-11.9947580614835,-13.2095356352715,-1.21477757378801
3,2026-06-30 02:15:57,18,2,"NTC2",212,1450068,-11.9291284418381,-13.2059599868286,-1.27683154499044
3,2026-06-30 02:15:57,18,3,"NTC3",216,1454420,-11.9986502187837,-13.316945872253,-1.31829565346931
3,2026-06-30 02:15:57,19,1,"NTC1",220,1453155,-11.9784643308164,-13.2059260424612,-1.22746171164476
3,2026-06-30 02:15:57,19,2,"NTC2",224,1452797,-11.9727483649237,-13.2559893836866,-1.28324101876285
3,2026-06-30 02:15:57,19,3,"NTC3",228,1451897,-11.9583722191547,-13.2755462065426,-1.31717398738789
3,2026-06-30 02:15:57,20,1,"NTC1",232,1453143,-11.9782727576464,-13.2775168915597,-1.29924413391325
3,2026-06-30 02:15:57,20,2,"NTC2",236,1455276,-12.0122993664442,-13.2514720345955,-1.2391726681513
3,2026-06-30 02:15:57,20,3,"NTC3",240,1455600,-12.0174634798161,-13.2390830080417,-1.22161952822569
3,2026-06-30 02:15:57,21,1,"NTC1",244,1444572,-11.8410243763818,-13.1049394784831,-1.26391510210135
3,2026-06-30 02:15:57,21,2,"NTC2",248,1452553,-11.9688517370138,-13.2123195702789,-1.24346783326502
3,2026-06-30 02:15:57,21,3,"NTC3",252,1449209,-11.915380845496,-13.1607282398299,-1.24534739433386
3,2026-06-30 02:15:57,22,1,"NTC1",256,1447774,-11.8923961309928,-13.1710837013793,-1.27868757038647
3,2026-06-30 02:15:57,22,2,"NTC2",260,1449526,-11.9204551481663,-13.1549381953933,-1.234483047227
3,2026-06-30 02:15:57,22,3,"NTC3",264,1455681,-12.0187543235544,-13.2356977084615,-1.2169433849071
3,2026-06-30 02:15:57,23,1,"NTC1",268,1454249,-11.9959225887573,-13.2248082680949,-1.22888567933757
3,2026-06-30 02:15:57,23,2,"NTC2",272,1451035,-11.9445944726803,-13.1867689976754,-1.24217452499511
3,2026-06-30 02:15:57,23,3,"NTC3",276,1451883,-11.9581485178524,-13.201045672238,-1.24289715438562
3,2026-06-30 02:15:57,24,1,"NTC1",280,1450371,-11.933975712226,-13.2164621300946,-1.28248641786854
3,2026-06-30 02:15:57,24,2,"NTC2",284,1452536,-11.9685802255659,-13.2061121125854,-1.23753188701949
3,2026-06-30 02:15:57,24,3,"NTC3",288,NA,NA,NA,NA
4,2026-06-30 06:15:57,1,1,"NTC1",4,1830546,-17.3253893256349,-18.9167656456943,-1.59137632005942
4,2026-06-30 06:15:57,1,2,"NTC2",8,1873961,-17.8683201760488,-19.4744945017334,-1.60617432568461
4,2026-06-30 06:15:57,1,3,"NTC3",12,1826494,-17.2740720888232,-18.8653720216595,-1.59129993283634
4,2026-06-30 06:15:57,2,1,"NTC1",16,1835868,-17.3926209671329,-18.997137242284,-1.60451627515107
4,2026-06-30 06:15:57,2,2,"NTC2",20,1859209,-17.6852360711363,-19.3303765575856,-1.64514048644929
4,2026-06-30 06:15:57,2,3,"NTC3",24,1831172,-17.3333074266152,-18.9731223593237,-1.63981493270845
4,2026-06-30 06:15:57,3,1,"NTC1",28,1819542,-17.1857653419716,-18.7565386119327,-1.57077326996105
4,2026-06-30 06:15:57,3,2,"NTC2",32,1852923,-17.6067882558868,-19.2427688605421,-1.63598060465532
4,2026-06-30 06:15:57,3,3,"NTC3",36,1830927,-17.3302088069299,-18.9219234140774,-1.59171460714754
4,2026-06-30 06:15:57,4,1,"NTC1",40,1821076,-17.2052793191483,-18.8193395805579,-1.61406026140958
4,2026-06-30 06:15:57,4,2,"NTC2",44,1864978,-17.7570030513494,-19.3482149563159,-1.59121190496654
4,2026-06-30 06:15:57,4,3,"NTC3",48,1813041,-17.1028857377572,-18.6672192266018,-1.5643334888446
4,2026-06-30 06:15:57,5,1,"NTC1",52,1863549,-17.7392464555051,-19.3480532782875,-1.60880682278247
4,2026-06-30 06:15:57,5,2,"NTC2",56,1847280,-17.5361419138232,-19.1920709847742,-1.65592907095103
4,2026-06-30 06:15:57,5,3,"NTC3",60,1825851,-17.265918395123,-18.7976628251336,-1.53174443001063
4,2026-06-30 06:15:57,6,1,"NTC1",64,1808579,-17.045830902551,-18.6182141992212,-1.57238329667021
4,2026-06-30 06:15:57,6,2,"NTC2",68,1834328,-17.373186242356,-18.9690427581936,-1.59585651583762
4,2026-06-30 06:15:57,6,3,"NTC3",72,1820800,-17.2017695260564,-18.7704840109907,-1.56871448493428
4,2026-06-30 06:15:57,7,1,"NTC1",76,1813644,-17.1105855613089,-18.6283102840106,-1.51772472270164
4,2026-06-30 06:15:57,7,2,"NTC2",80,1833499,-17.3627176503535,-18.9484868821908,-1.58576923183728
4,2026-06-30 06:15:57,7,3,"NTC3",84,1830649,-17.3266923274724,-18.905104744823,-1.57841241735053
4,2026-06-30 06:15:57,8,1,"NTC1",88,1803912,-16.9860058266668,-18.5784164137933,-1.59241058712647
4,2026-06-30 06:15:57,8,2,"NTC2",92,1825771,-17.2649037407269,-18.8382544448656,-1.57335070413865
4,2026-06-30 06:15:57,8,3,"NTC3",96,1817916,-17.1650633111862,-18.7682159010204,-1.60315258983425
4,2026-06-30 06:15:57,9,1,"NTC1",100,1796906,-16.8959099342102,-18.5062026539187,-1.61029271970844
4,2026-06-30 06:15:57,9,2,"NTC2",104,1808015,-17.0386092374298,-18.5849246136176,-1.54631537618778
4,2026-06-30 06:15:57,9,3,"NTC3",108,1803780,-16.9843115296795,-18.5761608857478,-1.59184935606834
4,2026-06-30 06:15:57,10,1,"NTC1",112,1807091,-17.0267731887624,-18.5575683052106,-1.53079511644813
4,2026-06-30 06:15:57,10,2,"NTC2",116,1807235,-17.0286181609362,-18.6032464945675,-1.57462833363132
4,2026-06-30 06:15:57,10,3,"NTC3",120,1819668,-17.1873687964741,-18.77624167069,-1.58887287421589
4,2026-06-30 06:15:57,11,1,"NTC1",124,1801775,-16.9585611086253,-18.5129311806128,-1.55437007198751
4,2026-06-30 06:15:57,11,2,"NTC2",128,1849397,-17.5626700730406,-19.1534755800912,-1.59080550705065
4,2026-06-30 06:15:57,11,3,"NTC3",132,1810578,-17.0714089409909,-18.6425253884939,-1.57111644750307
4,2026-06-30 06:15:57,12,1,"NTC1",136,1850357,-17.5746900130961,-19.1520731497841,-1.57738313668796
4,2026-06-30 06:15:57,12,2,"NTC2",140,1833642,-17.3645237834964,-18.9951206713157,-1.63059688781928
4,2026-06-30 06:15:57,12,3,"NTC3",144,1802036,-16.961914761343,-18.6821412741548,-1.72022651281185
4,2026-06-30 06:15:57,13,1,"NTC1",148,1790815,-16.8172980230067,-18.4109241029171,-1.59362607991036
4,2026-06-30 06:15:57,13,2,"NTC2",152,1846481,-17.5261218637635,-19.1709351893212,-1.64481332555766
4,2026-06-30 06:15:57,13,3,"NTC3",156,1800953,-16.9479958914794,-18.5705057034378,-1.62250981195837
4,2026-06-30 06:15:57,14,1,"NTC1",160,1812120,-17.0911204303123,-18.6358825043255,-1.54476207401316
4,2026-06-30 06:15:57,14,2,"NTC2",164,1801824,-16.9591907581973,-18.5369662631087,-1.57777550491136
4,2026-06-30 06:15:57,14,3,"NTC3",168,1789448,-16.7996188422015,-18.3786535173454,-1.5790346751439
4,2026-06-30 06:15:57,15,1,"NTC1",172,1800570,-16.9430715406157,-18.4800464617938,-1.53697492117803
4,2026-06-30 06:15:57,15,2,"NTC2",176,1824449,-17.2481302284954,-18.861234871049,-1.61310464255354
4,2026-06-30 06:15:57,15,3,"NTC3",180,1803446,-16.9800238975809,-18.6778974983286,-1.69787360074767
4,2026-06-30 06:15:57,16,1,"NTC1",184,1810800,-17.0742478029794,-18.6052751890819,-1.53102738610249
4,2026-06-30 06:15:57,16,2,"NTC2",188,1833373,-17.3611261173811,-18.9829488202072,-1.62182270282614
4,2026-06-30 06:15:57,16,3,"NTC3",192,1817837,-17.1640570277311,-18.8132394367236,-1.64918240899254
4,2026-06-30 06:15:57,17,1,"NTC1",196,1797093,-16.8983192284891,-18.3964433071771,-1.49812407868799
4,2026-06-30 06:15:57,17,2,"NTC2",200,1844559,-17.5020010923472,-19.0388447323174,-1.53684363997021
4,2026-06-30 06:15:57,17,3,"NTC3",204,1807699,-17.0345620836531,-18.5494188690079,-1.51485678535477
4,2026-06-30 06:15:57,18,1,"NTC1",208,1786327,-16.7592053166118,-18.2601807581878,-1.50097544157595
4,2026-06-30 06:15:57,18,2,"NTC2",212,1814229,-17.1180531249507,-18.7083441540129,-1.59029102906214
4,2026-06-30 06:15:57,18,3,"NTC3",216,1781504,-16.6966150337268,-18.3229452374187,-1.62633020369194
4,2026-06-30 06:15:57,19,1,"NTC1",220,1787854,-16.7789870178532,-18.2967700036184,-1.51778298576525
4,2026-06-30 06:15:57,19,2,"NTC2",224,1827084,-17.2815512167913,-18.8874179732004,-1.60586675640911
4,2026-06-30 06:15:57,19,3,"NTC3",228,1801344,-16.9530220330925,-18.592770552644,-1.63974851955152
4,2026-06-30 06:15:57,20,1,"NTC1",232,1792417,-16.8379994296376,-18.4350137110281,-1.59701428139053
4,2026-06-30 06:15:57,20,2,"NTC2",236,1822647,-17.2252471782661,-18.7792980885473,-1.55405091028118
4,2026-06-30 06:15:57,20,3,"NTC3",240,1801228,-16.9515310140848,-18.470691389116,-1.51916037503119
4,2026-06-30 06:15:57,21,1,"NTC1",244,1769026,-16.5338997285684,-18.0769674526129,-1.5430677240445
4,2026-06-30 06:15:57,21,2,"NTC2",248,1819231,-17.1818071402114,-18.7406927869738,-1.55888564676235
4,2026-06-30 06:15:57,21,3,"NTC3",252,1800121,-16.9372972884156,-18.4898337849767,-1.55253649656112
4,2026-06-30 06:15:57,22,1,"NTC1",256,1777966,-16.6505939480111,-18.2245076426773,-1.57391369466626
4,2026-06-30 06:15:57,22,2,"NTC2",260,1789151,-16.7957760235436,-18.324474983835,-1.52869896029148
4,2026-06-30 06:15:57,22,3,"NTC3",264,1789152,-16.7957889633864,-18.3008617958475,-1.50507283246114
4,2026-06-30 06:15:57,23,1,"NTC1",268,1789325,-16.7980274484451,-18.3167317857981,-1.51870433735303
4,2026-06-30 06:15:57,23,2,"NTC2",272,1792493,-16.8389810638799,-18.3727617894095,-1.5337807255296
4,2026-06-30 06:15:57,23,3,"NTC3",276,1776123,-16.626584870359,-18.1478605701009,-1.52127569974192
4,2026-06-30 06:15:57,24,1,"NTC1",280,1768268,-16.5239786343026,-18.0942490878535,-1.57027045355096
4,2026-06-30 06:15:57,24,2,"NTC2",284,1813973,-17.1147855605332,-18.6663988253201,-1.55161326478697
4,2026-06-30 06:15:57,24,3,"NTC3",288,NA,NA,NA,NA
5,2026-06-30 10:15:57,1,1,"NTC1",4,1488131,-12.5300442143229,-13.8285691320522,-1.29852491772931
5,2026-06-30 10:15:57,1,2,"NTC2",8,1558343,-13.5983548582888,-14.9354951850607,-1.33714032677187
5,2026-06-30 10:15:57,1,3,"NTC3",12,1494631,-12.6310848403273,-13.9423282323914,-1.31124339206406
5,2026-06-30 10:15:57,2,1,"NTC1",16,1499527,-12.7068952180211,-14.0242974600815,-1.31740224206033
5,2026-06-30 10:15:57,2,2,"NTC2",20,1532590,-13.2123191853794,-14.5789197214926,-1.36660053611314
5,2026-06-30 10:15:57,2,3,"NTC3",24,1502977,-12.7601635950342,-14.1193346094408,-1.35917101440663
5,2026-06-30 10:15:57,3,1,"NTC1",28,1493069,-12.6068451227017,-13.8965794218775,-1.28973429917579
5,2026-06-30 10:15:57,3,2,"NTC2",32,1542255,-13.3579655312941,-14.7306188196767,-1.37265328838259
5,2026-06-30 10:15:57,3,3,"NTC3",36,1515235,-12.948422590219,-14.2708972746527,-1.3224746844337
5,2026-06-30 10:15:57,4,1,"NTC1",40,1497450,-12.6747656237571,-14.0114333485993,-1.33666772484213
5,2026-06-30 10:15:57,4,2,"NTC2",44,1562130,-13.6545738473363,-14.9895946710918,-1.33502082375549
5,2026-06-30 10:15:57,4,3,"NTC3",48,1491920,-12.5889979218509,-13.8784383110072,-1.28944038915625
5,2026-06-30 10:15:57,5,1,"NTC1",52,1573432,-13.821535603849,-15.1813129912392,-1.35977738739018
5,2026-06-30 10:15:57,5,2,"NTC2",56,1547270,-13.4331730374832,-14.8346575125729,-1.40148447508972
5,2026-06-30 10:15:57,5,3,"NTC3",60,1517673,-12.9856799856014,-14.2542061965365,-1.26852621093508
5,2026-06-30 10:15:57,6,1,"NTC1",64,1493156,-12.6081959046867,-13.904098818117,-1.29590291343027
5,2026-06-30 10:15:57,6,2,"NTC2",68,1511743,-12.8949512413586,-14.2149898428947,-1.32003860153617
5,2026-06-30 10:15:57,6,3,"NTC3",72,1509456,-12.8598630681686,-14.1626531467946,-1.30279007862606
5,2026-06-30 10:15:57,7,1,"NTC1",76,1509086,-12.8541812588051,-14.1098833556534,-1.25570209684838
5,2026-06-30 10:15:57,7,2,"NTC2",80,1533760,-13.2300001633995,-14.5616971189132,-1.33169695551373
5,2026-06-30 10:15:57,7,3,"NTC3",84,1545771,-13.4107192942354,-14.7455234618317,-1.33480416759636
5,2026-06-30 10:15:57,8,1,"NTC1",88,1498221,-12.6866977192939,-14.0167470480364,-1.33004932874252
5,2026-06-30 10:15:57,8,2,"NTC2",92,1537665,-13.2889129869056,-14.6154371440358,-1.32652415713017
5,2026-06-30 10:15:57,8,3,"NTC3",96,1523789,-13.0788761851669,-14.4296872390083,-1.35081105384137
5,2026-06-30 10:15:57,9,1,"NTC1",100,1499807,-12.7112231201343,-14.0546364685082,-1.34341334837399
5,2026-06-30 10:15:57,9,2,"NTC2",104,1521901,-13.0501474515152,-14.349414805294,-1.29926735377887
5,2026-06-30 10:15:57,9,3,"NTC3",108,1503968,-12.7754416270555,-14.1114561048816,-1.3360144778261
5,2026-06-30 10:15:57,10,1,"NTC1",112,1516191,-12.9630394249197,-14.244133012458,-1.28109358753829
5,2026-06-30 10:15:57,10,2,"NTC2",116,1525982,-13.112200394543,-14.4461041979738,-1.33390380343076
5,2026-06-30 10:15:57,10,3,"NTC3",120,1519806,-13.0182263055071,-14.3508284307379,-1.33260212523084
5,2026-06-30 10:15:57,11,1,"NTC1",124,1519702,-13.0166405060214,-14.3272154708268,-1.31057496480548
5,2026-06-30 10:15:57,11,2,"NTC2",128,1587753,-14.0313572341877,-15.3999717307341,-1.3686144965464
5,2026-06-30 10:15:57,11,3,"NTC3",132,1527068,-13.1286848634012,-14.4572523246928,-1.32856746129158
5,2026-06-30 10:15:57,12,1,"NTC1",136,1589313,-14.0540973557241,-15.4099859870603,-1.35588863133614
5,2026-06-30 10:15:57,12,2,"NTC2",140,1571852,-13.7982679773833,-15.208050385904,-1.40978240852075
5,2026-06-30 10:15:57,12,3,"NTC3",144,1520131,-13.0231812151216,-14.4882044733835,-1.46502325826185
5,2026-06-30 10:15:57,13,1,"NTC1",148,1501630,-12.7393806636005,-14.0772959874765,-1.33791532387602
5,2026-06-30 10:15:57,13,2,"NTC2",152,1589773,-14.0607984601048,-15.4891263955599,-1.42832793545517
5,2026-06-30 10:15:57,13,3,"NTC3",156,1516817,-12.9726056017486,-14.352075722128,-1.37947012037944
5,2026-06-30 10:15:57,14,1,"NTC1",160,1532436,-13.2099909210432,-14.5102710339546,-1.30028011291142
5,2026-06-30 10:15:57,14,2,"NTC2",164,1520523,-13.0291561600856,-14.3664131717788,-1.33725701169323
5,2026-06-30 10:15:57,14,3,"NTC3",168,1522143,-13.053831873409,-14.4005848504143,-1.34675297700534
5,2026-06-30 10:15:57,15,1,"NTC1",172,1532087,-13.2047136470333,-14.5116208603285,-1.30690721329523
5,2026-06-30 10:15:57,15,2,"NTC2",176,1558786,-13.6049384733484,-14.9934623683524,-1.38852389500397
5,2026-06-30 10:15:57,15,3,"NTC3",180,1527630,-13.1372108061462,-14.5690542243616,-1.43184341821541
5,2026-06-30 10:15:57,16,1,"NTC1",184,1527021,-13.1279716947262,-14.4168225661863,-1.28885087146011
5,2026-06-30 10:15:57,16,2,"NTC2",188,1570168,-13.7734426664601,-15.1711591167484,-1.39771645028827
5,2026-06-30 10:15:57,16,3,"NTC3",192,1555558,-13.5569221435688,-14.9638855077631,-1.40696336419427
5,2026-06-30 10:15:57,17,1,"NTC1",196,1521696,-13.047025882574,-14.3055896474436,-1.25856376486962
5,2026-06-30 10:15:57,17,2,"NTC2",200,1587948,-14.0342009867823,-15.3544269819221,-1.32022599513982
5,2026-06-30 10:15:57,17,3,"NTC3",204,1535101,-13.2502483867246,-14.5307877484166,-1.28053936169192
5,2026-06-30 10:15:57,18,1,"NTC1",208,1509839,-12.8657430098481,-14.1298535943054,-1.26411058445723
5,2026-06-30 10:15:57,18,2,"NTC2",212,1553783,-13.5304759297258,-14.8989846476086,-1.36850871788289
5,2026-06-30 10:15:57,18,3,"NTC3",216,1504861,-12.7892000003598,-14.1562486002831,-1.36704859992329
5,2026-06-30 10:15:57,19,1,"NTC1",220,1514143,-12.931714846311,-14.2135975947409,-1.28188274842995
5,2026-06-30 10:15:57,19,2,"NTC2",224,1567591,-13.7354004934376,-15.1202416149378,-1.38484112150019
5,2026-06-30 10:15:57,19,3,"NTC3",228,1529521,-13.1658751617575,-14.5561690349103,-1.39029387315281
5,2026-06-30 10:15:57,20,1,"NTC1",232,1518681,-13.0010663401176,-14.3592843073872,-1.35821796726964
5,2026-06-30 10:15:57,20,2,"NTC2",236,1564427,-13.6886059784167,-15.0237908318874,-1.33518485347065
5,2026-06-30 10:15:57,20,3,"NTC3",240,1533405,-13.2246368752755,-14.5150848104899,-1.29044793521439
5,2026-06-30 10:15:57,21,1,"NTC1",244,1507389,-12.8281034656627,-14.1474835282878,-1.3193800626251
5,2026-06-30 10:15:57,21,2,"NTC2",248,1556416,-13.5696947242447,-14.904886953683,-1.33519222943835
5,2026-06-30 10:15:57,21,3,"NTC3",252,1537755,-13.2902689751582,-14.6145190637776,-1.32425008861941
5,2026-06-30 10:15:57,22,1,"NTC1",256,1508343,-12.8427672704997,-14.1770209815627,-1.33425371106301
5,2026-06-30 10:15:57,22,2,"NTC2",260,1526436,-13.1190931468593,-14.422002803148,-1.3029096562887
5,2026-06-30 10:15:57,22,3,"NTC3",264,1526567,-13.1210816360186,-14.4009296173036,-1.27984798128506
5,2026-06-30 10:15:57,23,1,"NTC1",268,1531626,-13.19774092799,-14.4952500084669,-1.29750908047691
5,2026-06-30 10:15:57,23,2,"NTC2",272,1526663,-13.1225387389497,-14.4309534463056,-1.30841470735589
5,2026-06-30 10:15:57,23,3,"NTC3",276,1506634,-12.8164917376347,-14.107647647606,-1.29115590997128
5,2026-06-30 10:15:57,24,1,"NTC1",280,1491214,-12.5780247757694,-13.8984553961311,-1.32043062036166
5,2026-06-30 10:15:57,24,2,"NTC2",284,1549530,-13.4669841028825,-14.7910278865775,-1.324043783695
5,2026-06-30 10:15:57,24,3,"NTC3",288,NA,NA,NA,NA
6,2026-06-30 14:15:57,1,1,"NTC1",4,1235580,-8.20458272733907,-9.27343527433283,-1.06885254699375
6,2026-06-30 14:15:57,1,2,"NTC2",8,1229505,-8.08947397132931,-9.12701552742277,-1.03754155609346
6,2026-06-30 14:15:57,1,3,"NTC3",12,1253608,-8.54270483905992,-9.63903888532366,-1.09633404626373
6,2026-06-30 14:15:57,2,1,"NTC1",16,1258167,-8.62740164944552,-9.72623892462866,-1.09883727518314
6,2026-06-30 14:15:57,2,2,"NTC2",20,1220390,-7.91563555261388,-8.99809380130586,-1.08245824869198
6,2026-06-30 14:15:57,2,3,"NTC3",24,1250462,-8.48406986226797,-9.61399290996718,-1.12992304769921
6,2026-06-30 14:15:57,3,1,"NTC1",28,1243805,-8.35948454366076,-9.42153812934413,-1.06205358568337
6,2026-06-30 14:15:57,3,2,"NTC2",32,1218715,-7.88354177066174,-8.96393730423597,-1.08039553357423
6,2026-06-30 14:15:57,3,3,"NTC3",36,1256105,-8.58913391540688,-9.67736245290519,-1.08822853749831
6,2026-06-30 14:15:57,4,1,"NTC1",40,1254923,-8.56716796332495,-9.683092023911,-1.11592406058605
6,2026-06-30 14:15:57,4,2,"NTC2",44,1210989,-7.7349037605502,-8.75228064336437,-1.01737688281418
6,2026-06-30 14:15:57,4,3,"NTC3",48,1248867,-8.45428312578332,-9.5233230301971,-1.06903990441378
6,2026-06-30 14:15:57,5,1,"NTC1",52,1210278,-7.72117485492214,-8.7473840894715,-1.02620923454936
6,2026-06-30 14:15:57,5,2,"NTC2",56,1241176,-8.31008985882579,-9.43549569807067,-1.12540583924488
6,2026-06-30 14:15:57,5,3,"NTC3",60,1254122,-8.55227005692961,-9.58219236781702,-1.0299223108874
6,2026-06-30 14:15:57,6,1,"NTC1",64,1261418,-8.68760201898527,-9.76942457599296,-1.08182255700768
6,2026-06-30 14:15:57,6,2,"NTC2",68,1243758,-8.3586024529443,-9.43548483918619,-1.07688238624189
6,2026-06-30 14:15:57,6,3,"NTC3",72,1254090,-8.55167467714091,-9.6234449113486,-1.07177023420769
6,2026-06-30 14:15:57,7,1,"NTC1",76,1260019,-8.66171602407269,-9.69075643026184,-1.02904040618915
6,2026-06-30 14:15:57,7,2,"NTC2",80,1248936,-8.45557253234853,-9.5313668870395,-1.07579435469097
6,2026-06-30 14:15:57,7,3,"NTC3",84,1262142,-8.70098652072369,-9.77961698505408,-1.07863046433039
6,2026-06-30 14:15:57,8,1,"NTC1",88,1245757,-8.39608855442577,-9.49723531445653,-1.10114676003076
6,2026-06-30 14:15:57,8,2,"NTC2",92,1242613,-8.33710239171495,-9.3954225227223,-1.05832013100735
6,2026-06-30 14:15:57,8,3,"NTC3",96,1266537,-8.78206393408755,-9.89933036801517,-1.11726643392763
6,2026-06-30 14:15:57,9,1,"NTC1",100,1261547,-8.68998741656679,-9.8090557375611,-1.1190683209943
6,2026-06-30 14:15:57,9,2,"NTC2",104,1259461,-8.65138281753462,-9.71075411450062,-1.05937129696599
6,2026-06-30 14:15:57,9,3,"NTC3",108,1266454,-8.78053551433533,-9.90244462515528,-1.12190911081996
6,2026-06-30 14:15:57,10,1,"NTC1",112,1257937,-8.62313644532992,-9.66985679711934,-1.04672035178942
6,2026-06-30 14:15:57,10,2,"NTC2",116,1256343,-8.59355421542864,-9.68337301508825,-1.08981879965961
6,2026-06-30 14:15:57,10,3,"NTC3",120,1252624,-8.52438172293876,-9.61493564053558,-1.09055391759682
6,2026-06-30 14:15:57,11,1,"NTC1",124,1253160,-8.53436448061592,-9.60155321228012,-1.0671887316642
6,2026-06-30 14:15:57,11,2,"NTC2",128,1228519,-8.07073485577564,-9.1141564062138,-1.04342155043815
6,2026-06-30 14:15:57,11,3,"NTC3",132,1248921,-8.45529223293909,-9.53191102641296,-1.07661879347387
6,2026-06-30 14:15:57,12,1,"NTC1",136,1239627,-8.28093511795845,-9.32056895269017,-1.03963383473172
6,2026-06-30 14:15:57,12,2,"NTC2",140,1226150,-8.02564676953517,-9.12536104541238,-1.0997142758772
6,2026-06-30 14:15:57,12,3,"NTC3",144,1263362,-8.72352230527929,-9.94184512495173,-1.21832281967244
6,2026-06-30 14:15:57,13,1,"NTC1",148,1243962,-8.36243084807097,-9.46033026891763,-1.09789942084666
6,2026-06-30 14:15:57,13,2,"NTC2",152,1225966,-8.02214094461175,-9.12390343533099,-1.10176249071924
6,2026-06-30 14:15:57,13,3,"NTC3",156,1258087,-8.62591819300422,-9.77148102161829,-1.14556282861406
6,2026-06-30 14:15:57,14,1,"NTC1",160,1256891,-8.60372870819134,-9.65044398906116,-1.04671528086982
6,2026-06-30 14:15:57,14,2,"NTC2",164,1256446,-8.59546692991449,-9.69373154836438,-1.09826461844989
6,2026-06-30 14:15:57,14,3,"NTC3",168,1258652,-8.63639298549714,-9.74527171575625,-1.10887873025911
6,2026-06-30 14:15:57,15,1,"NTC1",172,1253818,-8.5466133048568,-9.60146650841227,-1.05485320355547
6,2026-06-30 14:15:57,15,2,"NTC2",176,1243295,-8.349911048058,-9.45565162025298,-1.10574057219497
6,2026-06-30 14:15:57,15,3,"NTC3",180,1271079,-8.86554376976738,-10.0406633880895,-1.17511961832213
6,2026-06-30 14:15:57,16,1,"NTC1",184,1267171,-8.79373538736724,-9.84834097458258,-1.05460558721535
6,2026-06-30 14:15:57,16,2,"NTC2",188,1228833,-8.07670420236548,-9.16503936723126,-1.08833516486578
6,2026-06-30 14:15:57,16,3,"NTC3",192,1256241,-8.59165990877091,-9.71064621078176,-1.11898630201085
6,2026-06-30 14:15:57,17,1,"NTC1",196,1267664,-8.80280690809809,-9.82854232875513,-1.02573542065704
6,2026-06-30 14:15:57,17,2,"NTC2",200,1228917,-8.07830082541739,-9.0758234464268,-0.997522621009409
6,2026-06-30 14:15:57,17,3,"NTC3",204,1271087,-8.86569053001261,-9.90640033205062,-1.04070980203801
6,2026-06-30 14:15:57,18,1,"NTC1",208,1275422,-8.9450742008035,-9.99745217217003,-1.05237797136652
6,2026-06-30 14:15:57,18,2,"NTC2",212,1247211,-8.42331489645306,-9.51487376183508,-1.09155886538201
6,2026-06-30 14:15:57,18,3,"NTC3",216,1272869,-8.89835727468795,-10.03747166837,-1.13911439368201
6,2026-06-30 14:15:57,19,1,"NTC1",220,1270571,-8.85622251112557,-9.91642813016563,-1.06020561904006
6,2026-06-30 14:15:57,19,2,"NTC2",224,1229545,-8.09023384495242,-9.1686345174495,-1.07840067249708
6,2026-06-30 14:15:57,19,3,"NTC3",228,1258983,-8.64252725344966,-9.77499102986877,-1.13246377641912
6,2026-06-30 14:15:57,20,1,"NTC1",232,1270402,-8.85312067531686,-9.98395333705315,-1.13083266173629
6,2026-06-30 14:15:57,20,2,"NTC2",236,1246554,-8.41101661706347,-9.46036277930011,-1.04934616223665
6,2026-06-30 14:15:57,20,3,"NTC3",240,1266348,-8.77858340384927,-9.82799153263602,-1.04940812878675
6,2026-06-30 14:15:57,21,1,"NTC1",244,1257714,-8.61900027025524,-9.71365979044992,-1.09465952019468
6,2026-06-30 14:15:57,21,2,"NTC2",248,1240678,-8.30072084982515,-9.35079918106402,-1.05007833123886
6,2026-06-30 14:15:57,21,3,"NTC3",252,1254165,-8.55307007340531,-9.62191340510503,-1.06884333169972
6,2026-06-30 14:15:57,22,1,"NTC1",256,1253873,-8.54763683708393,-9.64394094115715,-1.09630410407323
6,2026-06-30 14:15:57,22,2,"NTC2",260,1253887,-8.54789736503352,-9.60326401613224,-1.05536665109872
6,2026-06-30 14:15:57,22,3,"NTC3",264,1267095,-8.79233660874053,-9.83728663144763,-1.0449500227071
6,2026-06-30 14:15:57,23,1,"NTC1",268,1278391,-8.99928039355331,-10.0682438365452,-1.0689634429919
6,2026-06-30 14:15:57,23,2,"NTC2",272,1255458,-8.57711294055554,-9.64345628337668,-1.06634334282114
6,2026-06-30 14:15:57,23,3,"NTC3",276,1258947,-8.64186016434195,-9.71044918684248,-1.06858902250053
6,2026-06-30 14:15:57,24,1,"NTC1",280,1261694,-8.6927053483991,-9.79610103365212,-1.10339568525302
6,2026-06-30 14:15:57,24,2,"NTC2",284,1226852,-8.03901716753512,-9.06851948437048,-1.02950231683536
6,2026-06-30 14:15:57,24,3,"NTC3",288,NA,NA,NA,NA
