"node","analysis","space","slope","pm95","intercept","r2","resid_sd"
1,"NTC2 ~ Mittel(NTC1,NTC3)","kalibriert",1.0642,0.0536,0.533,0.99474,0.4019
2,"NTC2 ~ Mittel(NTC1,NTC3)","kalibriert",1.0616,0.0363,0.734,0.99757,0.2708
3,"NTC2 ~ Mittel(NTC1,NTC3)","kalibriert",1.0716,0.041,0.874,0.99695,0.3085
4,"NTC2 ~ Mittel(NTC1,NTC3)","kalibriert",1.1016,0.0724,1.096,0.99108,0.5349
5,"NTC2 ~ Mittel(NTC1,NTC3)","kalibriert",0.9807,0.0147,-0.269,0.99953,0.1161
6,"NTC2 ~ Mittel(NTC1,NTC3)","kalibriert",1.0245,0.018,0.232,0.99936,0.1318
7,"NTC2 ~ Mittel(NTC1,NTC3)","kalibriert",1.0311,0.0127,0.411,0.99969,0.0935
8,"NTC2 ~ Mittel(NTC1,NTC3)","kalibriert",1.0339,0.0339,0.352,0.99777,0.2488
9,"NTC2 ~ Mittel(NTC1,NTC3)","kalibriert",1.0129,0.0262,0.132,0.99861,0.1878
10,"NTC2 ~ Mittel(NTC1,NTC3)","kalibriert",0.9908,0.0183,-0.065,0.99929,0.1339
11,"NTC2 ~ Mittel(NTC1,NTC3)","kalibriert",1.0868,0.057,0.837,0.9943,0.4168
12,"NTC2 ~ Mittel(NTC1,NTC3)","kalibriert",1.0551,0.0373,0.795,0.9974,0.2777
13,"NTC2 ~ Mittel(NTC1,NTC3)","kalibriert",1.1062,0.0653,1.009,0.9928,0.4643
14,"NTC2 ~ Mittel(NTC1,NTC3)","kalibriert",1.007,0.0064,0.131,0.99992,0.0454
15,"NTC2 ~ Mittel(NTC1,NTC3)","kalibriert",1.054,0.03,0.607,0.99832,0.2117
16,"NTC2 ~ Mittel(NTC1,NTC3)","kalibriert",1.0746,0.0348,0.963,0.99782,0.25
17,"NTC2 ~ Mittel(NTC1,NTC3)","kalibriert",1.1124,0.0638,1.28,0.99319,0.4473
18,"NTC2 ~ Mittel(NTC1,NTC3)","kalibriert",1.0747,0.0519,0.869,0.99516,0.3544
19,"NTC2 ~ Mittel(NTC1,NTC3)","kalibriert",1.0861,0.0488,0.997,0.99582,0.3397
20,"NTC2 ~ Mittel(NTC1,NTC3)","kalibriert",1.046,0.0359,0.452,0.99756,0.2489
21,"NTC2 ~ Mittel(NTC1,NTC3)","kalibriert",1.0515,0.0344,0.469,0.99777,0.2425
22,"NTC2 ~ Mittel(NTC1,NTC3)","kalibriert",1.0216,0.0279,0.311,0.99845,0.1938
23,"NTC2 ~ Mittel(NTC1,NTC3)","kalibriert",1.0286,0.0147,0.395,0.99957,0.1001
1,"NTC2 ~ Mittel(NTC1,NTC3)","roh",1.0701,0.051,-85138.78,0.99529,23695.8454
2,"NTC2 ~ Mittel(NTC1,NTC3)","roh",1.057,0.0338,-80885.786,0.99787,15702.8275
3,"NTC2 ~ Mittel(NTC1,NTC3)","roh",1.0668,0.0379,-95826.948,0.99738,17590.5828
4,"NTC2 ~ Mittel(NTC1,NTC3)","roh",1.1023,0.0647,-137851.704,0.99288,29493.3443
5,"NTC2 ~ Mittel(NTC1,NTC3)","roh",0.9858,0.0156,22396.267,0.99948,7567.4904
6,"NTC2 ~ Mittel(NTC1,NTC3)","roh",1.0302,0.016,-39142.319,0.9995,7182.7097
7,"NTC2 ~ Mittel(NTC1,NTC3)","roh",1.0304,0.011,-45528.037,0.99976,4997.2768
8,"NTC2 ~ Mittel(NTC1,NTC3)","roh",1.0379,0.0286,-50481.864,0.99842,12784.0636
9,"NTC2 ~ Mittel(NTC1,NTC3)","roh",1.0164,0.0232,-21853.414,0.99891,10090.3727
10,"NTC2 ~ Mittel(NTC1,NTC3)","roh",0.9906,0.0159,10671.81,0.99946,7050.6052
11,"NTC2 ~ Mittel(NTC1,NTC3)","roh",1.0962,0.0514,-124129.037,0.99545,22690.4237
12,"NTC2 ~ Mittel(NTC1,NTC3)","roh",1.049,0.0306,-77977.48,0.99823,13880.4114
13,"NTC2 ~ Mittel(NTC1,NTC3)","roh",1.116,0.0614,-148794.301,0.99373,26366.0764
14,"NTC2 ~ Mittel(NTC1,NTC3)","roh",1.0053,0.0062,-10403.683,0.99992,2643.1162
15,"NTC2 ~ Mittel(NTC1,NTC3)","roh",1.0562,0.0272,-77469.718,0.99862,11625.8076
16,"NTC2 ~ Mittel(NTC1,NTC3)","roh",1.0693,0.0317,-102911.73,0.99818,13820.5858
17,"NTC2 ~ Mittel(NTC1,NTC3)","roh",1.1127,0.0578,-156241.365,0.99442,24598.2749
18,"NTC2 ~ Mittel(NTC1,NTC3)","roh",1.0754,0.048,-105735.227,0.99586,19882.3746
19,"NTC2 ~ Mittel(NTC1,NTC3)","roh",1.0843,0.0453,-117954.783,0.99638,19179.9747
20,"NTC2 ~ Mittel(NTC1,NTC3)","roh",1.05,0.0338,-65069.212,0.99785,14290.4198
21,"NTC2 ~ Mittel(NTC1,NTC3)","roh",1.057,0.0309,-72210.18,0.99822,13201.2638
22,"NTC2 ~ Mittel(NTC1,NTC3)","roh",1.02,0.023,-31590.471,0.99894,9752.2297
23,"NTC2 ~ Mittel(NTC1,NTC3)","roh",1.0248,0.0137,-38730.725,0.99963,5729.0308
1,"NTC1 ~ NTC3 (Gegencheck)","kalibriert",1.022,0.0233,0.321,0.99892,0.1727
2,"NTC1 ~ NTC3 (Gegencheck)","kalibriert",0.9917,0.0084,-0.195,0.99985,0.0627
3,"NTC1 ~ NTC3 (Gegencheck)","kalibriert",0.9957,0.0133,0.102,0.99963,0.1006
4,"NTC1 ~ NTC3 (Gegencheck)","kalibriert",0.996,0.0071,-0.147,0.99989,0.0526
5,"NTC1 ~ NTC3 (Gegencheck)","kalibriert",1.0988,0.0581,1.232,0.99422,0.4371
6,"NTC1 ~ NTC3 (Gegencheck)","kalibriert",0.9797,0.0133,-0.196,0.99961,0.0988
7,"NTC1 ~ NTC3 (Gegencheck)","kalibriert",0.9765,0.0255,-0.147,0.99859,0.19
8,"NTC1 ~ NTC3 (Gegencheck)","kalibriert",1.014,0.0179,0.369,0.99935,0.1303
9,"NTC1 ~ NTC3 (Gegencheck)","kalibriert",1.0037,0.0127,0.16,0.99967,0.0907
10,"NTC1 ~ NTC3 (Gegencheck)","kalibriert",0.9888,0.0154,-0.038,0.99949,0.1132
11,"NTC1 ~ NTC3 (Gegencheck)","kalibriert",0.9897,0.0086,-0.068,0.99984,0.0635
12,"NTC1 ~ NTC3 (Gegencheck)","kalibriert",1.1011,0.0666,0.994,0.99245,0.4707
13,"NTC1 ~ NTC3 (Gegencheck)","kalibriert",1.0137,0.0094,0.334,0.99982,0.0666
14,"NTC1 ~ NTC3 (Gegencheck)","kalibriert",1.0359,0.0111,0.344,0.99976,0.0773
15,"NTC1 ~ NTC3 (Gegencheck)","kalibriert",1.0122,0.0293,0.193,0.99826,0.2056
16,"NTC1 ~ NTC3 (Gegencheck)","kalibriert",0.9645,0.0554,-0.518,0.99318,0.4046
17,"NTC1 ~ NTC3 (Gegencheck)","kalibriert",0.9979,0.0167,0.069,0.99942,0.1171
18,"NTC1 ~ NTC3 (Gegencheck)","kalibriert",1.0162,0.0166,0.204,0.99944,0.1125
19,"NTC1 ~ NTC3 (Gegencheck)","kalibriert",0.9779,0.0215,-0.22,0.999,0.1511
20,"NTC1 ~ NTC3 (Gegencheck)","kalibriert",0.9774,0.0151,-0.225,0.9995,0.1061
21,"NTC1 ~ NTC3 (Gegencheck)","kalibriert",0.9586,0.0256,-0.305,0.99851,0.1843
22,"NTC1 ~ NTC3 (Gegencheck)","kalibriert",0.9983,0.0161,0.132,0.99946,0.1121
23,"NTC1 ~ NTC3 (Gegencheck)","kalibriert",1.0026,0.0236,-0.104,0.99885,0.1599
1,"NTC1 ~ NTC3 (Gegencheck)","roh",1.0171,0.0193,-27907.07,0.99925,8892.3115
2,"NTC1 ~ NTC3 (Gegencheck)","roh",0.9964,0.0083,10927.769,0.99986,3841.8245
3,"NTC1 ~ NTC3 (Gegencheck)","roh",0.9916,0.013,2620.772,0.99964,6059.1842
4,"NTC1 ~ NTC3 (Gegencheck)","roh",1.0021,0.0067,3167.887,0.99991,3061.0636
5,"NTC1 ~ NTC3 (Gegencheck)","roh",1.0939,0.0527,-136120.638,0.99519,24455.2545
6,"NTC1 ~ NTC3 (Gegencheck)","roh",0.9799,0.0129,25868.041,0.99964,5853.8929
7,"NTC1 ~ NTC3 (Gegencheck)","roh",0.9723,0.025,31216.75,0.99863,11472.0818
8,"NTC1 ~ NTC3 (Gegencheck)","roh",1.0044,0.0171,-18514.277,0.99939,7631.2803
9,"NTC1 ~ NTC3 (Gegencheck)","roh",1,0.0131,-6984.655,0.99965,5674.6956
10,"NTC1 ~ NTC3 (Gegencheck)","roh",0.9859,0.0141,14285.275,0.99957,6294.4586
11,"NTC1 ~ NTC3 (Gegencheck)","roh",0.9868,0.0077,15417.644,0.99987,3419.4805
12,"NTC1 ~ NTC3 (Gegencheck)","roh",1.1125,0.0594,-146459.481,0.99411,25427.9199
13,"NTC1 ~ NTC3 (Gegencheck)","roh",1.0051,0.0089,-17660.798,0.99984,3809.7877
14,"NTC1 ~ NTC3 (Gegencheck)","roh",1.0405,0.0106,-52428.877,0.99979,4443.737
15,"NTC1 ~ NTC3 (Gegencheck)","roh",1.0115,0.0246,-19096.587,0.99877,10459.1618
16,"NTC1 ~ NTC3 (Gegencheck)","roh",0.9654,0.047,55028.229,0.99509,20864.8028
17,"NTC1 ~ NTC3 (Gegencheck)","roh",0.9909,0.0141,7052.536,0.99958,6029.1465
18,"NTC1 ~ NTC3 (Gegencheck)","roh",1.013,0.0134,-19230.589,0.99964,5514.2747
19,"NTC1 ~ NTC3 (Gegencheck)","roh",0.9744,0.0183,33727.663,0.99927,7834.5984
20,"NTC1 ~ NTC3 (Gegencheck)","roh",0.9761,0.0134,31301.435,0.99961,5720.412
21,"NTC1 ~ NTC3 (Gegencheck)","roh",0.9505,0.0221,58865.707,0.99888,9643.6578
22,"NTC1 ~ NTC3 (Gegencheck)","roh",0.9919,0.0136,2301.959,0.99961,5760.0618
23,"NTC1 ~ NTC3 (Gegencheck)","roh",1.0067,0.0226,-1325.918,0.99895,9393.1356
