site,depth_m,rT,rP
GRIP-Doppelkette (täglich),10,0.4622921481463038,2.1306242148455112
GRIP-Doppelkette (täglich),10,0.012026320565183823,-2.3892819914748316
GRIP-Doppelkette (täglich),10,-0.239285490298613,-3.940550904234442
GRIP-Doppelkette (täglich),10,-0.3894808882449752,-1.9550946878910054
GRIP-Doppelkette (täglich),10,-0.23505361253128854,2.1179620954848133
GRIP-Doppelkette (täglich),10,-0.0016428193632123111,3.808562731529605
GRIP-Doppelkette (täglich),10,-0.01705970700172088,3.6189841908395692
GRIP-Doppelkette (täglich),10,-0.012818796598423887,2.3234965314203464
GRIP-Doppelkette (täglich),10,0.17173276688708938,2.023421558913128
GRIP-Doppelkette (täglich),10,-0.020251182633046483,1.3541074235776023
GRIP-Doppelkette (täglich),10,-0.11722868982744217,-0.39082175760654536
GRIP-Doppelkette (täglich),10,-0.08186616617678055,-1.6690191178068972
GRIP-Doppelkette (täglich),10,0.04258277548885303,-1.4186020834737292
GRIP-Doppelkette (täglich),10,-0.06503686548242626,-3.3233542968140455
GRIP-Doppelkette (täglich),10,-0.1672508483991919,-0.7765948812979104
GRIP-Doppelkette (täglich),10,0.17733868526903507,1.6558023882038242
GRIP-Doppelkette (täglich),10,0.0422439658009921,3.5363071005717757
GRIP-Doppelkette (täglich),10,0.25279932821931084,3.007337400184724
GRIP-Doppelkette (täglich),10,0.19022812174185333,0.9311395557078868
GRIP-Doppelkette (täglich),10,-0.20933369140152536,-4.941232603369144
GRIP-Doppelkette (täglich),10,-0.47915167707657247,-6.649982924764458
GRIP-Doppelkette (täglich),10,-0.041787965738393495,-0.6853719161435947
GRIP-Doppelkette (täglich),10,0.08343654205944517,2.2284938320591436
GRIP-Doppelkette (täglich),10,0.1737300690329846,2.0122980782930426
GRIP-Doppelkette (täglich),10,0.16799050738924848,2.936276303169393
GRIP-Doppelkette (täglich),10,0.012765976642015175,1.9273942291732737
GRIP-Doppelkette (täglich),10,0.08049113792196749,2.122426838475235
GRIP-Doppelkette (täglich),10,0.1180463271417409,2.0963517025147667
GRIP-Doppelkette (täglich),10,-0.1501914012465022,-4.624950461208755
GRIP-Doppelkette (täglich),10,-0.15567002540706198,-3.8560721870344423
GRIP-Doppelkette (täglich),10,-0.1413943834904785,-5.018138144776344
GRIP-Doppelkette (täglich),10,-0.1613835457909829,-1.8854547090367078
GRIP-Doppelkette (täglich),10,-0.00908628766893571,2.1073131649710604
GRIP-Doppelkette (täglich),10,0.2454327316065985,5.709603322487624
GRIP-Doppelkette (täglich),10,0.2096403459539431,4.05593025625808
GRIP-Doppelkette (täglich),10,0.08710482855889268,0.36947715475139375
GRIP-Doppelkette (täglich),10,0.08704776699630656,1.6121481864482803
GRIP-Doppelkette (täglich),10,0.07498054648280572,1.0684282030009626
GRIP-Doppelkette (täglich),10,-0.14415637892284394,-3.6991467831055616
GRIP-Doppelkette (täglich),10,-0.3043811911034311,-5.00284896366793
GRIP-Doppelkette (täglich),10,-0.209000811519644,-4.763850237900897
GRIP-Doppelkette (täglich),10,-0.2695535691508155,-3.1773699802173496
GRIP-Doppelkette (täglich),10,0.03536249139912684,-1.4111141860811358
GRIP-Doppelkette (täglich),10,0.314316108948276,2.1655153137173784
GRIP-Doppelkette (täglich),10,0.102438969214802,1.1860218321864977
GRIP-Doppelkette (täglich),10,-0.059344310347597684,2.737279193252675
GRIP-Doppelkette (täglich),21,0.11593281956834289,2.1306242148455112
GRIP-Doppelkette (täglich),21,-0.12181652495613093,-2.3892819914748316
GRIP-Doppelkette (täglich),21,-0.0702048786607179,-3.940550904234442
GRIP-Doppelkette (täglich),21,-0.10777900543246233,-1.9550946878910054
GRIP-Doppelkette (täglich),21,0.036569024366883696,2.1179620954848133
GRIP-Doppelkette (täglich),21,0.11617542491393351,3.808562731529605
GRIP-Doppelkette (täglich),21,0.10043099988621407,3.6189841908395692
GRIP-Doppelkette (täglich),21,0.060881095127029994,2.3234965314203464
GRIP-Doppelkette (täglich),21,0.06289146269367052,2.023421558913128
GRIP-Doppelkette (täglich),21,0.004726113459696535,1.3541074235776023
GRIP-Doppelkette (täglich),21,-0.0016987429312109725,-0.39082175760654536
GRIP-Doppelkette (täglich),21,-0.07728947735685665,-1.6690191178068972
GRIP-Doppelkette (täglich),21,0.006297082585149383,-1.4186020834737292
GRIP-Doppelkette (täglich),21,-0.06188967445197591,-3.3233542968140455
GRIP-Doppelkette (täglich),21,-0.07728488440150727,-0.7765948812979104
GRIP-Doppelkette (täglich),21,0.06098291759570884,1.6558023882038242
GRIP-Doppelkette (täglich),21,0.0983453978555815,3.5363071005717757
GRIP-Doppelkette (täglich),21,0.09047022421881934,3.007337400184724
GRIP-Doppelkette (täglich),21,0.09459940718414828,0.9311395557078868
GRIP-Doppelkette (täglich),21,-0.14942145733343182,-4.941232603369144
GRIP-Doppelkette (täglich),21,-0.2894323799651488,-6.649982924764458
GRIP-Doppelkette (täglich),21,-0.04917232525514237,-0.6853719161435947
GRIP-Doppelkette (täglich),21,0.08481008402583257,2.2284938320591436
GRIP-Doppelkette (täglich),21,0.11310528583052815,2.0122980782930426
GRIP-Doppelkette (täglich),21,0.07751021992774554,2.936276303169393
GRIP-Doppelkette (täglich),21,0.0364032167574635,1.9273942291732737
GRIP-Doppelkette (täglich),21,0.09424516694522822,2.122426838475235
GRIP-Doppelkette (täglich),21,0.09093966256656927,2.0963517025147667
GRIP-Doppelkette (täglich),21,-0.1309572098477929,-4.624950461208755
GRIP-Doppelkette (täglich),21,-0.0811219732383961,-3.8560721870344423
GRIP-Doppelkette (täglich),21,-0.1730791925211861,-5.018138144776344
GRIP-Doppelkette (täglich),21,-0.09750224119287054,-1.8854547090367078
GRIP-Doppelkette (täglich),21,0.010330554399473613,2.1073131649710604
GRIP-Doppelkette (täglich),21,0.1502373276274227,5.709603322487624
GRIP-Doppelkette (täglich),21,0.17542874758902371,4.05593025625808
GRIP-Doppelkette (täglich),21,0.04381316616886011,0.36947715475139375
GRIP-Doppelkette (täglich),21,0.06045193749315558,1.6121481864482803
GRIP-Doppelkette (täglich),21,0.020904275022104457,1.0684282030009626
GRIP-Doppelkette (täglich),21,-0.15527132079995454,-3.6991467831055616
GRIP-Doppelkette (täglich),21,-0.1259582591188746,-5.00284896366793
GRIP-Doppelkette (täglich),21,-0.1742773392443553,-4.763850237900897
GRIP-Doppelkette (täglich),21,-0.06767715222721904,-3.1773699802173496
GRIP-Doppelkette (täglich),21,-0.006788195655360596,-1.4111141860811358
GRIP-Doppelkette (täglich),21,0.1548174632155508,2.1655153137173784
GRIP-Doppelkette (täglich),21,0.053253290733579206,1.1860218321864977
GRIP-Doppelkette (täglich),21,-0.015269578732102218,2.737279193252675
GRIP-Doppelkette (täglich),30,0.08977113337493847,2.1306242148455112
GRIP-Doppelkette (täglich),30,-0.06023208070260466,-2.3892819914748316
GRIP-Doppelkette (täglich),30,-0.07937092916776578,-3.940550904234442
GRIP-Doppelkette (täglich),30,-0.08161664067429797,-1.9550946878910054
GRIP-Doppelkette (täglich),30,0.024767347881038404,2.1179620954848133
GRIP-Doppelkette (täglich),30,0.04028889656737533,3.808562731529605
GRIP-Doppelkette (täglich),30,0.027310168906780063,3.6189841908395692
GRIP-Doppelkette (täglich),30,0.1095459969384649,2.3234965314203464
GRIP-Doppelkette (täglich),30,0.10882647648102761,2.023421558913128
GRIP-Doppelkette (täglich),30,0.03780863057301076,1.3541074235776023
GRIP-Doppelkette (täglich),30,-0.05011536630306068,-0.39082175760654536
GRIP-Doppelkette (täglich),30,-0.037765372759679394,-1.6690191178068972
GRIP-Doppelkette (täglich),30,-0.002642017001619479,-1.4186020834737292
GRIP-Doppelkette (täglich),30,-0.07677333328715008,-3.3233542968140455
GRIP-Doppelkette (täglich),30,-0.09018851493536317,-0.7765948812979104
GRIP-Doppelkette (täglich),30,0.03607758127444072,1.6558023882038242
GRIP-Doppelkette (täglich),30,0.14313517217701133,3.5363071005717757
GRIP-Doppelkette (täglich),30,0.11043420633427559,3.007337400184724
GRIP-Doppelkette (täglich),30,0.041822943604330476,0.9311395557078868
GRIP-Doppelkette (täglich),30,-0.09855781233980565,-4.941232603369144
GRIP-Doppelkette (täglich),30,-0.26541956382786225,-6.649982924764458
GRIP-Doppelkette (täglich),30,-0.049329910535078625,-0.6853719161435947
GRIP-Doppelkette (täglich),30,0.05662641537185209,2.2284938320591436
GRIP-Doppelkette (täglich),30,0.10213399108494059,2.0122980782930426
GRIP-Doppelkette (täglich),30,0.11548580251385943,2.936276303169393
GRIP-Doppelkette (täglich),30,0.01627964385519931,1.9273942291732737
GRIP-Doppelkette (täglich),30,0.018336240199090525,2.122426838475235
GRIP-Doppelkette (täglich),30,4.438455292188337e-5,2.0963517025147667
GRIP-Doppelkette (täglich),30,-0.0989110273685867,-4.624950461208755
GRIP-Doppelkette (täglich),30,-0.06848757265132122,-3.8560721870344423
GRIP-Doppelkette (täglich),30,-0.09994250096667656,-5.018138144776344
GRIP-Doppelkette (täglich),30,-0.032425845063244196,-1.8854547090367078
GRIP-Doppelkette (täglich),30,0.02877658137734329,2.1073131649710604
GRIP-Doppelkette (täglich),30,0.20429475104677408,5.709603322487624
GRIP-Doppelkette (täglich),30,0.22358110913245355,4.05593025625808
GRIP-Doppelkette (täglich),30,-0.14908618424414044,0.36947715475139375
GRIP-Doppelkette (täglich),30,-0.08134235272194701,1.6121481864482803
GRIP-Doppelkette (täglich),30,0.021262110600162032,1.0684282030009626
GRIP-Doppelkette (täglich),30,-0.0440284397313917,-3.6991467831055616
GRIP-Doppelkette (täglich),30,-0.12901060862802183,-5.00284896366793
GRIP-Doppelkette (täglich),30,-0.03359308895056756,-4.763850237900897
GRIP-Doppelkette (täglich),30,-0.09323007082784329,-3.1773699802173496
GRIP-Doppelkette (täglich),30,-0.015303868021732114,-1.4111141860811358
GRIP-Doppelkette (täglich),30,0.06217406171771245,2.1655153137173784
GRIP-Doppelkette (täglich),30,0.04919577671458342,1.1860218321864977
GRIP-Doppelkette (täglich),30,0.01762835957919151,2.737279193252675
Kohnen B50 (2×täglich),8,1.372894613353992,-1.0115500697424977
Kohnen B50 (2×täglich),8,1.073653868381541,0.20159090951869985
Kohnen B50 (2×täglich),8,0.4314736236921135,-0.9984254829191741
Kohnen B50 (2×täglich),8,0.05174103885963177,-1.9108943353044197
Kohnen B50 (2×täglich),8,-0.29570409292745126,-2.5559372610164246
Kohnen B50 (2×täglich),8,-0.41020456881568634,-1.9816804122355052
Kohnen B50 (2×täglich),8,-0.6362616391584197,-2.465734272714826
Kohnen B50 (2×täglich),8,-0.722947068837243,-1.5223064781345101
Kohnen B50 (2×täglich),8,-0.6502804830361697,0.2858600039112389
Kohnen B50 (2×täglich),8,-0.43091819046026103,3.835577761383661
Kohnen B50 (2×täglich),8,-0.4822459481204078,4.595381604466411
Kohnen B50 (2×täglich),8,-0.588447649008117,1.819195232233028
Kohnen B50 (2×täglich),8,-0.6743406811651198,-0.6994210861952297
Kohnen B50 (2×täglich),8,-0.40221502720783064,2.614690013194604
Kohnen B50 (2×täglich),8,-0.21999528475902252,5.526542316254904
Kohnen B50 (2×täglich),8,-0.19046206446660108,4.194316275503752
Kohnen B50 (2×täglich),8,-0.3307008607364992,1.4484145656813325
Kohnen B50 (2×täglich),8,-0.07677311794651587,4.124128750418663
Kohnen B50 (2×täglich),8,0.03676705113520029,4.336512168424065
Kohnen B50 (2×täglich),8,-0.04940456635438295,1.550789577398632
Kohnen B50 (2×täglich),8,-0.23358419472430114,-1.5453236638734325
Kohnen B50 (2×täglich),8,-0.07456444343745261,-0.6943899743862403
Kohnen B50 (2×täglich),8,0.07236433147994603,1.4000837824228256
Kohnen B50 (2×täglich),8,0.20594306800347795,2.0320268197772293
Kohnen B50 (2×täglich),8,0.13481462973885527,0.6759788262638722
Kohnen B50 (2×täglich),8,-0.23305362574888022,-4.227845792957737
Kohnen B50 (2×täglich),8,-0.48040109145119914,-8.036065966060391
Kohnen B50 (2×täglich),8,-0.4511194265930385,-7.640078398995001
Kohnen B50 (2×täglich),8,-0.028261472792223685,-3.2125575754903366
Kohnen B50 (2×täglich),8,0.006059961009441395,-0.36721403869523783
Kohnen B50 (2×täglich),8,0.08350172615223528,0.9810049931252252
Kohnen B50 (2×täglich),8,0.14352500262049261,0.79154224578906
Kohnen B50 (2×täglich),8,0.04721365206705741,0.045007111780932973
Kohnen B50 (2×täglich),8,-0.07007097502764736,-0.829935460859474
Kohnen B50 (2×täglich),8,-0.11213972285872842,-1.9233427463135513
Kohnen B50 (2×täglich),8,-0.03274985685663978,-1.2490624732248534
Kohnen B50 (2×täglich),8,0.15201840594158966,1.3860082117195134
Kohnen B50 (2×täglich),8,0.14768145452848103,1.4402934628266166
Kohnen B50 (2×täglich),8,0.0059077664360529525,0.469050767737599
Kohnen B50 (2×täglich),8,0.22256297171452388,3.143426502981697
Kohnen B50 (2×täglich),8,0.3202453396156102,4.77428926731136
Kohnen B50 (2×täglich),8,0.35888164816100243,4.743980767681364
Kohnen B50 (2×täglich),8,0.2865730428496249,4.614640977593012
Kohnen B50 (2×täglich),8,0.21263778455704596,2.9432803400593457
Kohnen B50 (2×täglich),8,-0.027998145604613,0.4864648536495224
Kohnen B50 (2×täglich),8,-0.051599990847250865,-1.2327950386228395
Kohnen B50 (2×täglich),8,-0.13803601607520477,-1.7897194000800027
Kohnen B50 (2×täglich),8,-0.014756427702877772,-0.9180300135320749
Kohnen B50 (2×täglich),8,0.0507120691537466,1.198892095912015
Kohnen B50 (2×täglich),8,0.13060992341706879,1.224943680921342
Kohnen B50 (2×täglich),8,-0.18641651599438092,-2.767756283612357
Kohnen B50 (2×täglich),8,-0.4491086540951983,-6.723533267242146
Kohnen B50 (2×täglich),8,-0.4360012489783571,-6.6110865390678555
Kohnen B50 (2×täglich),8,-0.24493210174370006,-4.482839098253407
Kohnen B50 (2×täglich),8,-0.19441643304674017,-2.2186742316713435
Kohnen B50 (2×täglich),8,-0.06702006246683823,-0.9576418928601242
Kohnen B50 (2×täglich),8,-0.08978916104496193,-0.6003475909139979
Kohnen B50 (2×täglich),8,-0.025660130340554588,-0.7629523904826101
Kohnen B50 (2×täglich),8,-0.015473664952025956,-0.34937167985867745
Kohnen B50 (2×täglich),8,-0.017231452346777587,1.2746451406537744
Kohnen B50 (2×täglich),8,0.12415289938871865,5.674158210608539
Kohnen B50 (2×täglich),8,0.32839434693698877,8.270783225114883
Kohnen B50 (2×täglich),8,0.0639751412236933,6.5539136570606615
Kohnen B50 (2×täglich),8,-0.15441441458818872,3.192998534888602
Kohnen B50 (2×täglich),8,-0.3153622483722529,0.34735665263269766
Kohnen B50 (2×täglich),8,-0.4276766525919129,-0.9417885083282727
Kohnen B50 (2×täglich),8,-0.6183987560817172,-2.808797555200613
Kohnen B50 (2×täglich),8,-0.5567423620504997,-2.505364428523535
Kohnen B50 (2×täglich),8,-0.3174215602825825,0.18192804227408033
Kohnen B50 (2×täglich),8,0.07778628668830834,2.5199112978789344
Kohnen B50 (2×täglich),8,0.07256473995198576,1.2556491936747989
Kohnen B50 (2×täglich),8,0.33098107608964256,2.306601966724429
Kohnen B50 (2×täglich),8,0.2937290789972735,-0.6599923681318387
Kohnen B50 (2×täglich),8,0.18002332226529916,-4.756229129387066
Kohnen B50 (2×täglich),8,0.2418450691692442,-7.159814746645793
Kohnen B50 (2×täglich),8,0.6692708765925204,-6.057684911410661
Kohnen B50 (2×täglich),8,1.2761411537383083,-1.472959134874941
Kohnen B50 (2×täglich),8,2.061757665714481,4.405424175770463
Kohnen B50 (2×täglich),8,2.4227981255506847,5.119034492081255
Kohnen B50 (2×täglich),8,2.6530202517562884,2.5969849988617852
Kohnen B50 (2×täglich),8,2.7089296768991744,-1.5534153158592972
Kohnen B50 (2×täglich),8,3.1256855214110146,-2.0204621658255064
Kohnen B50 (2×täglich),8,-4.304204198561479,-0.46518366286250057
Kohnen B50 (2×täglich),8,-3.684837859047718,1.1377038327459559
Kohnen B50 (2×täglich),8,-3.4164623764567636,0.4041772586093657
Kohnen B50 (2×täglich),8,-3.211963068089574,-1.804228003283697
Kohnen B50 (2×täglich),8,-0.21560474561255205,8.017559628590789
Kohnen B50 (2×täglich),8,-0.03187932286863315,7.2383819755398235
Kohnen B50 (2×täglich),8,0.376667833194233,9.506747475887892
Kohnen B50 (2×täglich),8,0.33148089350021337,6.965473130937767
Kohnen B50 (2×täglich),8,0.2352211925114034,1.7650426086603375
Kohnen B50 (2×täglich),8,-0.3605697945587849,-7.431505608698558
Kohnen B50 (2×täglich),8,-0.7986795773646804,-14.054517011859502
Kohnen B50 (2×täglich),8,-0.823428470802412,-13.438972781191296
Kohnen B50 (2×täglich),8,-0.5134110998596952,-9.126687430396942
Kohnen B50 (2×täglich),8,-0.261956259521412,-4.1504199176231396
Kohnen B50 (2×täglich),8,0.08825095991227272,-0.0434847565727523
Kohnen B50 (2×täglich),8,0.4118579609624362,3.754901069602397
Kohnen B50 (2×täglich),8,0.36703721347919327,3.635106337554589
Kohnen B50 (2×täglich),8,-0.04965946768464846,-0.47636038226562505
Kohnen B50 (2×täglich),8,-0.18579789463046836,-2.994823852741547
Kohnen B50 (2×täglich),8,-0.18244029667613404,-1.5270532812007787
Kohnen B50 (2×täglich),8,0.26537745213772723,3.506182125029227
Kohnen B50 (2×täglich),8,0.42713899810564726,6.469977560656616
Kohnen B50 (2×täglich),8,0.6124113696301947,8.352735151800289
Kohnen B50 (2×täglich),8,0.6002351923584115,8.080590532693805
Kohnen B50 (2×täglich),8,0.28769589840749177,4.403846004236698
Kohnen B50 (2×täglich),8,0.03778593185899126,1.0306927562171495
Kohnen B50 (2×täglich),8,-0.05547855533194479,-0.7668446882419175
Kohnen B50 (2×täglich),8,-0.13214151289986376,-1.1697936392175734
Kohnen B50 (2×täglich),8,-0.1605700259403875,-1.932186329666024
Kohnen B50 (2×täglich),8,-0.34055726037962586,-3.7349222874538555
Kohnen B50 (2×täglich),8,-0.2285813423625882,-3.269178818223736
Kohnen B50 (2×täglich),8,-0.2345160926111589,-2.9611887831746344
Kohnen B50 (2×täglich),8,-0.07168228673037902,-1.265018650901311
Kohnen B50 (2×täglich),8,0.1263942921170269,1.6512746889640084
Kohnen B50 (2×täglich),8,0.3962059570099541,4.886333854777149
Kohnen B50 (2×täglich),8,0.13060141130694092,2.264468131560079
Kohnen B50 (2×täglich),8,-0.20712117782295536,-2.2216798623314844
Kohnen B50 (2×täglich),8,-0.37686177084594874,-5.435578619652915
Kohnen B50 (2×täglich),8,-0.4231859970573737,-5.941192807809784
Kohnen B50 (2×täglich),8,-0.49243394054343526,-6.384580908821363
Kohnen B50 (2×täglich),8,-0.4412477659485603,-5.423796581809711
Kohnen B50 (2×täglich),8,-0.16565563375081638,-1.8117268192297615
Kohnen B50 (2×täglich),8,0.11633093973983932,1.4477413864631217
Kohnen B50 (2×täglich),8,0.019525205367187937,0.6089163126981703
Kohnen B50 (2×täglich),8,-0.031677893680637226,-0.8625257759197211
Kohnen B50 (2×täglich),8,0.1507459413687684,1.9808023311377383
Kohnen B50 (2×täglich),8,0.48535136903637977,6.872510066622226
Kohnen B50 (2×täglich),8,0.45016890579319124,7.525262418840498
Kohnen B50 (2×täglich),8,0.4106744098706372,4.77100215387668
Kohnen B50 (2×täglich),8,-0.05418988155980742,-1.1121299200285648
Kohnen B50 (2×täglich),8,-0.06387161655396767,-0.993084062590583
Kohnen B50 (2×täglich),8,0.23394674648358205,2.7421403347833575
Kohnen B50 (2×täglich),8,0.4547511120236436,6.054821658465698
Kohnen B50 (2×täglich),8,0.6282881742762925,7.2545160726061795
Kohnen B50 (2×täglich),8,0.44572802759290653,5.469722475004346
Kohnen B50 (2×täglich),8,0.09097343942698899,0.32103106955935345
Kohnen B50 (2×täglich),8,-0.5814712476208683,-8.706976131540841
Kohnen B50 (2×täglich),8,-1.1249645572632971,-13.946439338330379
Kohnen B50 (2×täglich),8,-0.5926251456287446,-7.1642209830658885
Kohnen B50 (2×täglich),8,-0.0312609282175913,0.30281650199628984
Kohnen B50 (2×täglich),8,0.40026990425445774,5.712271523661116
Kohnen B50 (2×täglich),8,0.3572750849158979,4.470924785493253
Kohnen B50 (2×täglich),8,0.027594906931938112,0.6696595225979536
Kohnen B50 (2×täglich),8,-0.196791159588372,-2.1921410299199806
Kohnen B50 (2×täglich),8,-0.16737615590045607,-1.5059825258435922
Kohnen B50 (2×täglich),8,-0.012141022153855374,0.8801293810428206
Kohnen B50 (2×täglich),8,0.14594291872072063,2.39375678188253
Kohnen B50 (2×täglich),8,0.04501282005975327,0.21056833675947928
Kohnen B50 (2×täglich),8,0.020388242020885627,-0.4956984213636133
Kohnen B50 (2×täglich),8,-0.007447059708454162,-0.6438615150807436
Kohnen B50 (2×täglich),8,0.0071116975348672895,0.3169276996800363
Kohnen B50 (2×täglich),8,-0.02206841465834941,-0.6610932441182058
Kohnen B50 (2×täglich),8,-0.11988182820488191,-2.6920439921702837
Kohnen B50 (2×täglich),8,-0.3103116522709115,-4.984734061466611
Kohnen B50 (2×täglich),8,-0.4179091430884796,-4.426238503770378
Kohnen B50 (2×täglich),8,-0.25399864465924793,-2.909410148621305
Kohnen B50 (2×täglich),8,0.047238247610437156,0.23756484110651854
Kohnen B50 (2×täglich),8,0.2628370148727299,2.6942135839171897
Kohnen B50 (2×täglich),8,0.33427773838212715,3.6608274630439155
Kohnen B50 (2×täglich),8,0.03785887158613832,0.8572278238183344
Kohnen B50 (2×täglich),8,-0.2700854449386725,-2.858097321761079
Kohnen B50 (2×täglich),8,-0.11445173449686763,-0.8660488505850026
Kohnen B50 (2×täglich),8,0.14268201787359658,1.5603056937891324
Kohnen B50 (2×täglich),8,0.27178224212320856,3.4260513993498307
Kohnen B50 (2×täglich),8,0.30930525598904524,4.003297983207403
Kohnen B50 (2×täglich),8,0.10082935384758684,1.4170704010413147
Kohnen B50 (2×täglich),8,0.13161042380005483,1.903615830754461
Kohnen B50 (2×täglich),8,0.23407702678213127,3.0087925613602238
Kohnen B50 (2×täglich),8,0.3424277452666047,3.461465813006612
Kohnen B50 (2×täglich),8,-0.03222257349477786,-0.26155474382483135
Kohnen B50 (2×täglich),8,-0.02652739235742274,-0.10021636684189161
Kohnen B50 (2×täglich),8,-0.0964005553782954,-1.1395218693083962
Kohnen B50 (2×täglich),8,-0.25582190633599566,-2.722418508932037
Kohnen B50 (2×täglich),8,-0.08987765949797222,-1.8715757656431151
Kohnen B50 (2×täglich),8,-0.08020236687400484,-1.8588634406648907
Kohnen B50 (2×täglich),8,-0.07449729580599751,-1.2691855986782912
Kohnen B50 (2×täglich),8,0.04275694187327872,-0.4831520036918846
Kohnen B50 (2×täglich),8,-0.08150835812159585,-0.8044279752684815
Kohnen B50 (2×täglich),8,0.02463518363526873,0.41521005591641824
Kohnen B50 (2×täglich),8,0.22508286282629797,2.4969648371999256
Kohnen B50 (2×täglich),8,0.39182499096312995,4.549463661169057
Kohnen B50 (2×täglich),8,0.3258127105141284,4.112094692803339
Kohnen B50 (2×täglich),8,0.23730271395550062,2.5449683193037345
Kohnen B50 (2×täglich),8,0.02626895204826951,0.6189171500946031
Kohnen B50 (2×täglich),8,-0.05075878880234086,-1.0011706498451076
Kohnen B50 (2×täglich),8,-0.31556520149678136,-4.250817173153791
Kohnen B50 (2×täglich),8,-0.3202506078920919,-3.9972741868228923
Kohnen B50 (2×täglich),8,-0.17249802620256105,-1.8609147040689322
Kohnen B50 (2×täglich),8,-0.06588373755533894,-1.0537784047753576
Kohnen B50 (2×täglich),8,-0.06853162108910738,-1.415349413269837
Kohnen B50 (2×täglich),8,-0.10325483561501869,-1.3502785205467944
Kohnen B50 (2×täglich),8,-0.4181330227623903,-5.007031190855628
Kohnen B50 (2×täglich),8,-0.4475729282447105,-6.302577523180503
Kohnen B50 (2×täglich),8,-0.3570818758262817,-4.478075260618311
Kohnen B50 (2×täglich),8,-0.15363052999362026,-1.8322932573768185
Kohnen B50 (2×täglich),8,0.1558074536731624,1.9064996323362493
Kohnen B50 (2×täglich),8,0.45852359544085175,5.6030345543130124
Kohnen B50 (2×täglich),8,0.4264863404728203,5.185360807165466
Kohnen B50 (2×täglich),8,0.2651373523931966,2.9195816512800548
Kohnen B50 (2×täglich),8,0.1333221890575942,0.9453425084443552
Kohnen B50 (2×täglich),8,0.05772462474595841,0.5302332448886773
Kohnen B50 (2×täglich),8,0.10469147737524054,0.8931215046237639
Kohnen B50 (2×täglich),8,0.11336764707436942,0.45442146478023915
Kohnen B50 (2×täglich),8,-0.1265843140600964,-1.2473581716174067
Kohnen B50 (2×täglich),8,0.001711276901517067,1.6695420282810574
Kohnen B50 (2×täglich),8,0.13676823461850063,1.584937052879468
Kohnen B50 (2×täglich),8,-0.05653072912537027,-0.43358033163895016
Kohnen B50 (2×täglich),8,-0.11330854559332693,-0.8065284702026929
Kohnen B50 (2×täglich),8,-0.14076850590782897,-1.462574522494947
Kohnen B50 (2×täglich),8,-0.2765691366519718,-3.224840808892395
Kohnen B50 (2×täglich),8,-0.2799405389595222,-3.406611748694445
Kohnen B50 (2×täglich),8,0.0039594659000385946,0.4885504610207363
Kohnen B50 (2×täglich),8,0.24720559063240444,2.4550280676207876
Kohnen B50 (2×täglich),8,0.2871570964515513,2.7405366518048595
Kohnen B50 (2×täglich),8,0.0722445543956951,-0.021096728490988426
Kohnen B50 (2×täglich),8,-0.2505158620920156,-3.4916460333566874
Kohnen B50 (2×täglich),8,0.16189143059364142,2.341675013092413
Kohnen B50 (2×täglich),8,0.7039238007706672,9.346930464518778
Kohnen B50 (2×täglich),8,0.3333039937274407,4.239462152362989
Kohnen B50 (2×täglich),8,-0.4972578924054005,-6.450832536379153
Kohnen B50 (2×täglich),8,-0.5619539740990831,-7.061334114742863
Kohnen B50 (2×täglich),8,-0.3020277261782667,-4.253985879288507
Kohnen B50 (2×täglich),8,-0.03203996935496889,-0.1823179516414939
Kohnen B50 (2×täglich),8,0.4296468814288801,5.346972879906048
Kohnen B50 (2×täglich),8,0.675789557632811,8.227412049284226
Kohnen B50 (2×täglich),8,0.29104956449543806,3.9420329126413662
Kohnen B50 (2×täglich),8,-0.11770488587359296,-0.9584786508634124
Kohnen B50 (2×täglich),8,-0.4335361242056024,-5.11384064500578
Kohnen B50 (2×täglich),8,-0.565963656384838,-7.591937740227763
Kohnen B50 (2×täglich),8,-0.41787700211415313,-5.402543495860527
Kohnen B50 (2×täglich),8,-0.14364253462417764,-1.9544870267906163
Kohnen B50 (2×täglich),8,0.15513812188316933,2.373958024362082
Kohnen B50 (2×täglich),8,0.41637372260083794,5.197480193281535
Kohnen B50 (2×täglich),8,0.5714145645612234,7.195554743644607
Kohnen B50 (2×täglich),8,0.5185082743892622,6.426934716907681
Kohnen B50 (2×täglich),8,0.39418591500606226,5.305650932302797
Kohnen B50 (2×täglich),8,0.083457585560609,1.2086786535093097
Kohnen B50 (2×täglich),8,-0.24968407157643924,-3.081635573226208
Kohnen B50 (2×täglich),8,-0.21364320349448462,-2.406097370991006
Kohnen B50 (2×täglich),8,-0.13474867538576518,-1.9323486189977075
Kohnen B50 (2×täglich),8,-0.24668003946004546,-3.7279756409045604
Kohnen B50 (2×täglich),8,-0.5977719082324029,-7.5286758714803454
Kohnen B50 (2×täglich),8,-0.5743381251974711,-7.223535634382074
Kohnen B50 (2×täglich),8,-0.05719201362097692,-0.19461566087204574
Kohnen B50 (2×täglich),8,0.598709850926582,7.411807749923241
Kohnen B50 (2×täglich),8,0.7033081992275925,8.646963811436876
Kohnen B50 (2×täglich),8,0.533139494784507,6.674526181546867
Kohnen B50 (2×täglich),8,0.44421946163453185,5.317390740352721
Kohnen B50 (2×täglich),8,0.23930529159343905,3.112521477395717
Kohnen B50 (2×täglich),8,-0.06796616751358897,-1.8025270790445802
Kohnen B50 (2×täglich),8,-0.5070660176969,-6.554973240759068
Kohnen B50 (2×täglich),8,-0.5115480777533321,-6.922368652872819
Kohnen B50 (2×täglich),8,-0.29626202715604677,-4.183820516065907
Kohnen B50 (2×täglich),8,-0.2217449699415397,-3.1352138087960384
Kohnen B50 (2×täglich),8,-0.3473216578129268,-5.4178631918916835
Kohnen B50 (2×täglich),8,-0.6637742763118126,-8.735274474137896
Kohnen B50 (2×täglich),8,-0.5382237715352289,-7.518786022596601
Kohnen B50 (2×täglich),8,-0.6356472339916763,-8.09023620432788
Kohnen B50 (2×täglich),8,-0.5615431837995288,-7.13824116417095
Kohnen B50 (2×täglich),8,-0.2644417107902086,-3.0326105732311817
Kohnen B50 (2×täglich),8,0.2670656764749424,3.3366925084034165
Kohnen B50 (2×täglich),8,0.15223502386163545,2.130738519084616
Kohnen B50 (2×täglich),8,0.28505751342322583,3.9753201193881296
Kohnen B50 (2×täglich),8,0.5728310334447428,7.681007747665944
Kohnen B50 (2×täglich),8,0.8698704197129814,11.783149620048789
Kohnen B50 (2×täglich),8,1.2456974411918509,16.234142845375686
Kohnen B50 (2×täglich),8,1.1753648603658462,15.407324272748724
Kohnen B50 (2×täglich),8,0.717499055859605,8.85056283980282
Kohnen B50 (2×täglich),8,0.16252079276313225,1.9697274841747685
Kohnen B50 (2×täglich),8,-0.11968364765380102,-1.8054239676118868
Kohnen B50 (2×täglich),8,-0.2992722265915404,-3.8715971471474404
Kohnen B50 (2×täglich),8,-0.35477134078121253,-4.586742072752145
Kohnen B50 (2×täglich),8,-0.25135976779466773,-3.306550831329446
Kohnen B50 (2×täglich),8,-0.21249002524825755,-2.8970488431157264
Kohnen B50 (2×täglich),8,-0.2894313575367846,-3.3147615283485266
Kohnen B50 (2×täglich),8,-0.301669471454602,-4.192603196152845
Kohnen B50 (2×täglich),8,-0.2821977243812057,-3.0986925742555513
Kohnen B50 (2×täglich),8,-0.09776306450959282,-1.6299581988214413
Kohnen B50 (2×täglich),8,-0.14296294061466597,-2.17522353607842
Kohnen B50 (2×täglich),8,-0.09056215309755089,-1.4652009411430527
Kohnen B50 (2×täglich),8,-0.10337584497932539,-1.7401583246881955
Kohnen B50 (2×täglich),8,-0.27799321303945135,-3.8022524862742557
Kohnen B50 (2×täglich),8,-0.2124261691136553,-3.188099766699679
Kohnen B50 (2×täglich),8,-0.0933437767258738,-1.4519055726555052
Kohnen B50 (2×täglich),8,-0.0394389526974237,-0.5777658580992693
Kohnen B50 (2×täglich),8,-0.09655932648655607,-1.4904432436552497
Kohnen B50 (2×täglich),8,-0.2178440488620481,-2.7258670166138472
Kohnen B50 (2×täglich),8,-0.15115945171118028,-1.7836331309322304
Kohnen B50 (2×täglich),8,0.043406563442260904,0.42512237765492955
Kohnen B50 (2×täglich),8,0.2478670847807507,3.331980880615788
Kohnen B50 (2×täglich),8,0.6142514563549639,8.293644757018683
Kohnen B50 (2×täglich),8,0.7714824742990345,10.176760830377702
Kohnen B50 (2×täglich),8,0.6597073377605511,8.646420368649274
Kohnen B50 (2×täglich),8,0.2965303544613107,5.247423085964101
Kohnen B50 (2×täglich),8,0.146271297722933,1.6817269062931928
Kohnen B50 (2×täglich),8,-0.21375970800363575,-3.2261729209791383
Kohnen B50 (2×täglich),8,-0.4249559284374982,-5.441725590912597
Kohnen B50 (2×täglich),8,-0.06253234818842657,-0.4288802985664688
Kohnen B50 (2×täglich),8,0.32503382298187944,4.542580427665712
Kohnen B50 (2×täglich),8,0.43346765734497694,6.174431333264124
Kohnen B50 (2×täglich),8,0.24969661263440912,3.801956096435333
Kohnen B50 (2×täglich),8,0.05929599533516239,0.5216911434324629
Kohnen B50 (2×täglich),8,-0.4413763595394471,-5.673438210602967
Kohnen B50 (2×täglich),8,-0.9601366340064033,-12.831451094973318
Kohnen B50 (2×täglich),8,-1.107109225728209,-15.354370313682239
Kohnen B50 (2×täglich),8,-0.7299490149108578,-9.735602283181152
Kohnen B50 (2×täglich),8,-0.2204506077632118,-2.3181304403336753
Kohnen B50 (2×täglich),8,0.16859270853331054,1.3707942843686851
Kohnen B50 (2×täglich),8,0.24411061801998812,3.2364909349454365
Kohnen B50 (2×täglich),8,-0.09451075967348288,-1.5734282712644472
Kohnen B50 (2×täglich),8,-0.5585464375883475,-7.712687013102936
Kohnen B50 (2×täglich),8,-0.29650584068008357,-4.484432363343558
Kohnen B50 (2×täglich),8,0.13146166217126165,1.4941314575755769
Kohnen B50 (2×täglich),8,0.5029040587061218,6.001065051925366
Kohnen B50 (2×täglich),8,0.7740492855674574,9.788170683444719
Kohnen B50 (2×täglich),8,0.7768566387582609,10.254647758722626
Kohnen B50 (2×täglich),8,0.6911636906536955,9.266695826164892
Kohnen B50 (2×täglich),8,0.21042231674073264,3.6914852661136592
Kohnen B50 (2×täglich),8,-0.2504025260421372,-3.1778906341695574
Kohnen B50 (2×täglich),8,-0.5278987884551611,-7.050819314153955
Kohnen B50 (2×täglich),8,-0.3858859149801219,-5.045854879974513
Kohnen B50 (2×täglich),8,-0.14770112292694648,-1.6056326443382432
Kohnen B50 (2×täglich),8,0.21591669737830443,2.8407435523389495
Kohnen B50 (2×täglich),8,0.3782216415331163,5.672100145691161
Kohnen B50 (2×täglich),8,0.3433270455630577,4.913152460241349
Kohnen B50 (2×täglich),8,0.10873182678494686,1.1945602649569764
Kohnen B50 (2×täglich),8,-0.14943225272645577,-2.594627782305224
Kohnen B50 (2×täglich),8,-0.3000638294139435,-3.921209932442025
Kohnen B50 (2×täglich),8,-0.30214284408458525,-3.2545030728185793
Kohnen B50 (2×täglich),8,-0.3296791240643415,-4.354597611390886
Kohnen B50 (2×täglich),8,-0.08037745865863144,-1.0758617338934755
Kohnen B50 (2×täglich),8,0.23867544145872444,3.3605030406060905
Kohnen B50 (2×täglich),8,0.3344279342769596,4.095072970817341
Kohnen B50 (2×täglich),8,0.044173068936004256,0.09968142124910173
Kohnen B50 (2×täglich),8,-0.20148747547921175,-2.5231734521208864
Kohnen B50 (2×täglich),8,-0.0834674322192086,-0.5837793144899024
Kohnen B50 (2×täglich),8,0.029457229842932975,0.744576168945855
Kohnen B50 (2×täglich),8,0.22488491419636603,3.5629942218786255
Kohnen B50 (2×täglich),8,0.2322371781815491,3.8160166525749446
Kohnen B50 (2×täglich),8,0.27664946357930376,4.281144721471378
Kohnen B50 (2×täglich),8,0.144391821713441,2.3416688305131856
Kohnen B50 (2×täglich),8,-0.06745141079989025,-0.343620618354862
Kohnen B50 (2×täglich),8,-0.10973500713618023,-0.6882110009659073
Kohnen B50 (2×täglich),8,-0.16973231074501882,-0.9104230264853186
Kohnen B50 (2×täglich),8,-0.2647371510704488,-2.6331313441041857
Kohnen B50 (2×täglich),8,-0.5171866253945723,-6.792153532215025
Kohnen B50 (2×täglich),8,-0.7761821783986989,-9.655308027119872
Kohnen B50 (2×täglich),8,-0.5404892236597902,-6.898079931788402
Kohnen B50 (2×täglich),8,-0.40627529739367674,-5.255787682522396
Kohnen B50 (2×täglich),8,-0.24068903224616633,-2.223410843924057
Kohnen B50 (2×täglich),8,0.030230217809901205,0.8053625199825092
Kohnen B50 (2×täglich),8,0.003039681985228526,0.10642900153982282
Kohnen B50 (2×täglich),8,-0.12418885771836585,-0.7064259180217505
Kohnen B50 (2×täglich),8,-0.10054602057607553,-1.1498056463601642
Kohnen B50 (2×täglich),8,0.08692057114245699,1.1377419644226165
Kohnen B50 (2×täglich),8,0.3907444597786025,5.209648138871671
Kohnen B50 (2×täglich),8,0.1892076366090123,2.697556518086344
Kohnen B50 (2×täglich),8,0.2693716986144068,3.0373086218419303
Kohnen B50 (2×täglich),8,0.050665365613156155,-0.0790370182735387
Kohnen B50 (2×täglich),8,0.1745573019746871,0.8505581671647633
Kohnen B50 (2×täglich),9,1.1584663112103044,-1.0115500697424977
Kohnen B50 (2×täglich),9,0.7456391423303899,0.20159090951869985
Kohnen B50 (2×täglich),9,0.312072755271231,-0.9984254829191741
Kohnen B50 (2×täglich),9,0.013286845621962584,-1.9108943353044197
Kohnen B50 (2×täglich),9,-0.2302572543868564,-2.5559372610164246
Kohnen B50 (2×täglich),9,-0.4263480107553619,-1.9816804122355052
Kohnen B50 (2×täglich),9,-0.5347098910348791,-2.465734272714826
Kohnen B50 (2×täglich),9,-0.5728946759759879,-1.5223064781345101
Kohnen B50 (2×täglich),9,-0.514506723234831,0.2858600039112389
Kohnen B50 (2×täglich),9,-0.3070144948082998,3.835577761383661
Kohnen B50 (2×täglich),9,-0.25072782169388574,4.595381604466411
Kohnen B50 (2×täglich),9,-0.36497851939287784,1.819195232233028
Kohnen B50 (2×täglich),9,-0.5866885437342262,-0.6994210861952297
Kohnen B50 (2×täglich),9,-0.27678895851579455,2.614690013194604
Kohnen B50 (2×täglich),9,-0.12607104066830743,5.526542316254904
Kohnen B50 (2×täglich),9,-0.0869943722037192,4.194316275503752
Kohnen B50 (2×täglich),9,-0.2230911742415742,1.4484145656813325
Kohnen B50 (2×täglich),9,-0.0033404165122874474,4.124128750418663
Kohnen B50 (2×täglich),9,0.09277419854925029,4.336512168424065
Kohnen B50 (2×täglich),9,-0.011797333918650565,1.550789577398632
Kohnen B50 (2×täglich),9,-0.17876276855588458,-1.5453236638734325
Kohnen B50 (2×täglich),9,-0.0999672801071938,-0.6943899743862403
Kohnen B50 (2×täglich),9,0.12113957900794503,1.4000837824228256
Kohnen B50 (2×täglich),9,0.2100367230042366,2.0320268197772293
Kohnen B50 (2×täglich),9,0.09222263835795275,0.6759788262638722
Kohnen B50 (2×täglich),9,-0.17945363465798891,-4.227845792957737
Kohnen B50 (2×täglich),9,-0.4345454492806766,-8.036065966060391
Kohnen B50 (2×täglich),9,-0.3915438788126835,-7.640078398995001
Kohnen B50 (2×täglich),9,-0.18706560291548158,-3.2125575754903366
Kohnen B50 (2×täglich),9,0.01899769910806981,-0.36721403869523783
Kohnen B50 (2×täglich),9,0.11206684985864968,0.9810049931252252
Kohnen B50 (2×täglich),9,0.07249420206534296,0.79154224578906
Kohnen B50 (2×täglich),9,0.024365298585848905,0.045007111780932973
Kohnen B50 (2×täglich),9,0.006833327454103255,-0.829935460859474
Kohnen B50 (2×täglich),9,-0.09121601478057073,-1.9233427463135513
Kohnen B50 (2×täglich),9,0.01289053943764884,-1.2490624732248534
Kohnen B50 (2×täglich),9,0.049915852777360215,1.3860082117195134
Kohnen B50 (2×täglich),9,0.16542377888129067,1.4402934628266166
Kohnen B50 (2×täglich),9,0.03456501794829592,0.469050767737599
Kohnen B50 (2×täglich),9,0.20798569654090215,3.143426502981697
Kohnen B50 (2×täglich),9,0.27589876500400123,4.77428926731136
Kohnen B50 (2×täglich),9,0.3059634128632638,4.743980767681364
Kohnen B50 (2×täglich),9,0.29239882137943596,4.614640977593012
Kohnen B50 (2×täglich),9,0.16280214456543263,2.9432803400593457
Kohnen B50 (2×täglich),9,0.02771792679823193,0.4864648536495224
Kohnen B50 (2×täglich),9,-0.06764546166948548,-1.2327950386228395
Kohnen B50 (2×täglich),9,-0.10903529722128269,-1.7897194000800027
Kohnen B50 (2×täglich),9,-0.018877452198751143,-0.9180300135320749
Kohnen B50 (2×täglich),9,0.08819004167293087,1.198892095912015
Kohnen B50 (2×täglich),9,0.09098837192311748,1.224943680921342
Kohnen B50 (2×täglich),9,-0.18394337519112014,-2.767756283612357
Kohnen B50 (2×täglich),9,-0.4069173251153302,-6.723533267242146
Kohnen B50 (2×täglich),9,-0.38172863448693306,-6.6110865390678555
Kohnen B50 (2×täglich),9,-0.31668930895989433,-4.482839098253407
Kohnen B50 (2×täglich),9,-0.13600889430165353,-2.2186742316713435
Kohnen B50 (2×täglich),9,-0.051429321018758856,-0.9576418928601242
Kohnen B50 (2×täglich),9,-0.01330540999333607,-0.6003475909139979
Kohnen B50 (2×täglich),9,-0.056946142635183605,-0.7629523904826101
Kohnen B50 (2×täglich),9,-0.05574057741597471,-0.34937167985867745
Kohnen B50 (2×täglich),9,0.041309174214632094,1.2746451406537744
Kohnen B50 (2×täglich),9,0.28479893295951797,5.674158210608539
Kohnen B50 (2×täglich),9,0.4050757679365802,8.270783225114883
Kohnen B50 (2×täglich),9,0.2370352570437717,6.5539136570606615
Kohnen B50 (2×täglich),9,0.03386505952818197,3.192998534888602
Kohnen B50 (2×täglich),9,-0.19807202871646723,0.34735665263269766
Kohnen B50 (2×täglich),9,-0.22357549247686848,-0.9417885083282727
Kohnen B50 (2×täglich),9,-0.4135406622012283,-2.808797555200613
Kohnen B50 (2×täglich),9,-0.2956801543803067,-2.505364428523535
Kohnen B50 (2×täglich),9,-0.2016827916264674,0.18192804227408033
Kohnen B50 (2×täglich),9,0.0995652948603265,2.5199112978789344
Kohnen B50 (2×täglich),9,0.0525922186511707,1.2556491936747989
Kohnen B50 (2×täglich),9,0.1983861079324356,2.306601966724429
Kohnen B50 (2×täglich),9,0.07122660635161537,-0.6599923681318387
Kohnen B50 (2×täglich),9,-0.016681520165207075,-4.756229129387066
Kohnen B50 (2×täglich),9,-0.14536746201088135,-7.159814746645793
Kohnen B50 (2×täglich),9,0.11926834373099382,-6.057684911410661
Kohnen B50 (2×täglich),9,0.5892964576617032,-1.472959134874941
Kohnen B50 (2×täglich),9,1.1280406743949811,4.405424175770463
Kohnen B50 (2×täglich),9,1.323987049673292,5.119034492081255
Kohnen B50 (2×täglich),9,1.3346500828177454,2.5969849988617852
Kohnen B50 (2×täglich),9,1.2576341348804476,-1.5534153158592972
Kohnen B50 (2×täglich),9,1.515266676058502,-2.0204621658255064
Kohnen B50 (2×täglich),9,-2.0063013818329978,-0.46518366286250057
Kohnen B50 (2×täglich),9,-1.6641433904638347,1.1377038327459559
Kohnen B50 (2×täglich),9,-1.650311785461156,0.4041772586093657
Kohnen B50 (2×täglich),9,-1.5559383080940847,-1.804228003283697
Kohnen B50 (2×täglich),9,0.1465880519972984,8.017559628590789
Kohnen B50 (2×täglich),9,0.19280750985473105,7.2383819755398235
Kohnen B50 (2×täglich),9,0.43354367489456536,9.506747475887892
Kohnen B50 (2×täglich),9,0.414995192208778,6.965473130937767
Kohnen B50 (2×täglich),9,0.14783035046406212,1.7650426086603375
Kohnen B50 (2×täglich),9,-0.408716528362163,-7.431505608698558
Kohnen B50 (2×täglich),9,-0.839067753794609,-14.054517011859502
Kohnen B50 (2×täglich),9,-0.8143976247652063,-13.438972781191296
Kohnen B50 (2×täglich),9,-0.4704253800369429,-9.126687430396942
Kohnen B50 (2×täglich),9,-0.19810508279505257,-4.1504199176231396
Kohnen B50 (2×täglich),9,0.09581306426298397,-0.0434847565727523
Kohnen B50 (2×täglich),9,0.30548064059132685,3.754901069602397
Kohnen B50 (2×täglich),9,0.24991588799139208,3.635106337554589
Kohnen B50 (2×täglich),9,-0.0019646194999722866,-0.47636038226562505
Kohnen B50 (2×täglich),9,-0.15214784369277368,-2.994823852741547
Kohnen B50 (2×täglich),9,-0.17748952718932287,-1.5270532812007787
Kohnen B50 (2×täglich),9,0.22008591937350275,3.506182125029227
Kohnen B50 (2×täglich),9,0.38949470028626365,6.469977560656616
Kohnen B50 (2×täglich),9,0.49361335536701745,8.352735151800289
Kohnen B50 (2×täglich),9,0.43791814779581273,8.080590532693805
Kohnen B50 (2×täglich),9,0.24571610440915492,4.403846004236698
Kohnen B50 (2×täglich),9,0.018886248014382545,1.0306927562171495
Kohnen B50 (2×täglich),9,-0.016270927872596985,-0.7668446882419175
Kohnen B50 (2×täglich),9,-0.08916888887000596,-1.1697936392175734
Kohnen B50 (2×täglich),9,-0.10113979348602697,-1.932186329666024
Kohnen B50 (2×täglich),9,-0.2635253062308607,-3.7349222874538555
Kohnen B50 (2×täglich),9,-0.16556832183312054,-3.269178818223736
Kohnen B50 (2×täglich),9,-0.23472518233091932,-2.9611887831746344
Kohnen B50 (2×täglich),9,-0.06672381494610136,-1.265018650901311
Kohnen B50 (2×täglich),9,0.10818245578292363,1.6512746889640084
Kohnen B50 (2×täglich),9,0.30238077945199393,4.886333854777149
Kohnen B50 (2×täglich),9,0.11558150573875992,2.264468131560079
Kohnen B50 (2×täglich),9,-0.13199987461121054,-2.2216798623314844
Kohnen B50 (2×täglich),9,-0.40178344871577565,-5.435578619652915
Kohnen B50 (2×täglich),9,-0.31481844919767354,-5.941192807809784
Kohnen B50 (2×täglich),9,-0.40192701903407624,-6.384580908821363
Kohnen B50 (2×täglich),9,-0.4038012040865624,-5.423796581809711
Kohnen B50 (2×täglich),9,-0.13971175239646527,-1.8117268192297615
Kohnen B50 (2×täglich),9,0.11241708412512708,1.4477413864631217
Kohnen B50 (2×täglich),9,0.03767934501297532,0.6089163126981703
Kohnen B50 (2×täglich),9,-0.07327201992524124,-0.8625257759197211
Kohnen B50 (2×täglich),9,0.12493681012415436,1.9808023311377383
Kohnen B50 (2×täglich),9,0.44031778454467485,6.872510066622226
Kohnen B50 (2×täglich),9,0.41866067198270684,7.525262418840498
Kohnen B50 (2×täglich),9,0.36601231480659635,4.77100215387668
Kohnen B50 (2×täglich),9,-0.0026400107557833508,-1.1121299200285648
Kohnen B50 (2×täglich),9,-0.05547401440253452,-0.993084062590583
Kohnen B50 (2×täglich),9,0.2042801854429399,2.7421403347833575
Kohnen B50 (2×täglich),9,0.3996923060967106,6.054821658465698
Kohnen B50 (2×täglich),9,0.47501581624231903,7.2545160726061795
Kohnen B50 (2×täglich),9,0.39172191907965725,5.469722475004346
Kohnen B50 (2×täglich),9,0.06673459385098113,0.32103106955935345
Kohnen B50 (2×täglich),9,-0.5963102683281818,-8.706976131540841
Kohnen B50 (2×täglich),9,-1.0708058072310678,-13.946439338330379
Kohnen B50 (2×täglich),9,-0.4759052862297608,-7.1642209830658885
Kohnen B50 (2×täglich),9,0.0035129888971141554,0.30281650199628984
Kohnen B50 (2×täglich),9,0.372569976541115,5.712271523661116
Kohnen B50 (2×täglich),9,0.2942114130988216,4.470924785493253
Kohnen B50 (2×täglich),9,0.05738293837254105,0.6696595225979536
Kohnen B50 (2×täglich),9,-0.1538675548360402,-2.1921410299199806
Kohnen B50 (2×täglich),9,-0.13577340686055095,-1.5059825258435922
Kohnen B50 (2×täglich),9,0.02680682659672584,0.8801293810428206
Kohnen B50 (2×täglich),9,0.17221683137336186,2.39375678188253
Kohnen B50 (2×täglich),9,0.02610226757582268,0.21056833675947928
Kohnen B50 (2×täglich),9,-0.002757990486657036,-0.4956984213636133
Kohnen B50 (2×täglich),9,-0.03046879103152378,-0.6438615150807436
Kohnen B50 (2×täglich),9,-0.015662240173242026,0.3169276996800363
Kohnen B50 (2×täglich),9,-0.008843284092563408,-0.6610932441182058
Kohnen B50 (2×täglich),9,-0.13106791656980477,-2.6920439921702837
Kohnen B50 (2×täglich),9,-0.2939660215162121,-4.984734061466611
Kohnen B50 (2×täglich),9,-0.30935861362735295,-4.426238503770378
Kohnen B50 (2×täglich),9,-0.2319077157082461,-2.909410148621305
Kohnen B50 (2×täglich),9,0.02813199995443938,0.23756484110651854
Kohnen B50 (2×täglich),9,0.17690276026627316,2.6942135839171897
Kohnen B50 (2×täglich),9,0.26321865162515223,3.6608274630439155
Kohnen B50 (2×täglich),9,0.02097685106150493,0.8572278238183344
Kohnen B50 (2×täglich),9,-0.20533169394099104,-2.858097321761079
Kohnen B50 (2×täglich),9,-0.0908438362898778,-0.8660488505850026
Kohnen B50 (2×täglich),9,0.12462329681284245,1.5603056937891324
Kohnen B50 (2×täglich),9,0.2123772090243392,3.4260513993498307
Kohnen B50 (2×täglich),9,0.28069892189108714,4.003297983207403
Kohnen B50 (2×täglich),9,0.0862113533131037,1.4170704010413147
Kohnen B50 (2×täglich),9,0.13427444113744968,1.903615830754461
Kohnen B50 (2×täglich),9,0.20779718467878183,3.0087925613602238
Kohnen B50 (2×täglich),9,0.32333533023631844,3.461465813006612
Kohnen B50 (2×täglich),9,-0.02714043917961817,-0.26155474382483135
Kohnen B50 (2×täglich),9,-0.02468112167974823,-0.10021636684189161
Kohnen B50 (2×täglich),9,-0.11820063992473706,-1.1395218693083962
Kohnen B50 (2×täglich),9,-0.1850773312028764,-2.722418508932037
Kohnen B50 (2×täglich),9,-0.16180171738255922,-1.8715757656431151
Kohnen B50 (2×täglich),9,-0.10059736575129818,-1.8588634406648907
Kohnen B50 (2×täglich),9,-0.10444860604508222,-1.2691855986782912
Kohnen B50 (2×täglich),9,-0.03153885898399267,-0.4831520036918846
Kohnen B50 (2×täglich),9,-0.05548932781351823,-0.8044279752684815
Kohnen B50 (2×täglich),9,0.05097211267468538,0.41521005591641824
Kohnen B50 (2×täglich),9,0.13754389019027258,2.4969648371999256
Kohnen B50 (2×täglich),9,0.3516478367018294,4.549463661169057
Kohnen B50 (2×täglich),9,0.3253558885205621,4.112094692803339
Kohnen B50 (2×täglich),9,0.14427158145480234,2.5449683193037345
Kohnen B50 (2×täglich),9,0.07809976125372486,0.6189171500946031
Kohnen B50 (2×täglich),9,-0.02418127078129828,-1.0011706498451076
Kohnen B50 (2×täglich),9,-0.2683961222302855,-4.250817173153791
Kohnen B50 (2×täglich),9,-0.26340626364884656,-3.9972741868228923
Kohnen B50 (2×täglich),9,-0.14791337922304137,-1.8609147040689322
Kohnen B50 (2×täglich),9,-0.09352982097965423,-1.0537784047753576
Kohnen B50 (2×täglich),9,-0.09434192751456294,-1.415349413269837
Kohnen B50 (2×täglich),9,-0.1312822537826719,-1.3502785205467944
Kohnen B50 (2×täglich),9,-0.35539374309934146,-5.007031190855628
Kohnen B50 (2×täglich),9,-0.4429181623422096,-6.302577523180503
Kohnen B50 (2×täglich),9,-0.3136732578141732,-4.478075260618311
Kohnen B50 (2×täglich),9,-0.08480408316557941,-1.8322932573768185
Kohnen B50 (2×täglich),9,0.15941019707810256,1.9064996323362493
Kohnen B50 (2×täglich),9,0.40045885795336744,5.6030345543130124
Kohnen B50 (2×täglich),9,0.3484539572937706,5.185360807165466
Kohnen B50 (2×täglich),9,0.24480232357149134,2.9195816512800548
Kohnen B50 (2×täglich),9,0.09162337862989034,0.9453425084443552
Kohnen B50 (2×täglich),9,0.07527839269272363,0.5302332448886773
Kohnen B50 (2×täglich),9,0.033396726976775426,0.8931215046237639
Kohnen B50 (2×täglich),9,0.06649413204939947,0.45442146478023915
Kohnen B50 (2×täglich),9,-0.06391685747786369,-1.2473581716174067
Kohnen B50 (2×täglich),9,0.066973703845008,1.6695420282810574
Kohnen B50 (2×täglich),9,0.10082584877579848,1.584937052879468
Kohnen B50 (2×täglich),9,-0.07065300135167263,-0.43358033163895016
Kohnen B50 (2×täglich),9,-0.08842652739105006,-0.8065284702026929
Kohnen B50 (2×täglich),9,-0.1086923916417959,-1.462574522494947
Kohnen B50 (2×täglich),9,-0.2188743283113581,-3.224840808892395
Kohnen B50 (2×täglich),9,-0.22986971420380087,-3.406611748694445
Kohnen B50 (2×täglich),9,0.0342915087898632,0.4885504610207363
Kohnen B50 (2×täglich),9,0.1899766332584818,2.4550280676207876
Kohnen B50 (2×täglich),9,0.22219724273497832,2.7405366518048595
Kohnen B50 (2×täglich),9,0.017202635078206185,-0.021096728490988426
Kohnen B50 (2×täglich),9,-0.24259434715645511,-3.4916460333566874
Kohnen B50 (2×täglich),9,0.15856779108247565,2.341675013092413
Kohnen B50 (2×täglich),9,0.652425189869632,9.346930464518778
Kohnen B50 (2×täglich),9,0.30179967452426126,4.239462152362989
Kohnen B50 (2×täglich),9,-0.41464379403066687,-6.450832536379153
Kohnen B50 (2×täglich),9,-0.5300002071209065,-7.061334114742863
Kohnen B50 (2×täglich),9,-0.25579220784521794,-4.253985879288507
Kohnen B50 (2×täglich),9,0.004823979885770768,-0.1823179516414939
Kohnen B50 (2×täglich),9,0.38217493904824096,5.346972879906048
Kohnen B50 (2×täglich),9,0.5652523560755185,8.227412049284226
Kohnen B50 (2×täglich),9,0.31540277941388695,3.9420329126413662
Kohnen B50 (2×täglich),9,-0.06951117121900552,-0.9584786508634124
Kohnen B50 (2×täglich),9,-0.3592380707857501,-5.11384064500578
Kohnen B50 (2×täglich),9,-0.5474981399586909,-7.591937740227763
Kohnen B50 (2×täglich),9,-0.41058631849466565,-5.402543495860527
Kohnen B50 (2×täglich),9,-0.11350464261994375,-1.9544870267906163
Kohnen B50 (2×täglich),9,0.14768233790363183,2.373958024362082
Kohnen B50 (2×täglich),9,0.301549719807781,5.197480193281535
Kohnen B50 (2×täglich),9,0.5117174957618431,7.195554743644607
Kohnen B50 (2×täglich),9,0.45417535269365317,6.426934716907681
Kohnen B50 (2×täglich),9,0.34526080845864726,5.305650932302797
Kohnen B50 (2×täglich),9,0.12454651101023728,1.2086786535093097
Kohnen B50 (2×täglich),9,-0.1861050407612197,-3.081635573226208
Kohnen B50 (2×täglich),9,-0.14674672060976945,-2.406097370991006
Kohnen B50 (2×täglich),9,-0.08700411303408373,-1.9323486189977075
Kohnen B50 (2×täglich),9,-0.26404261705437193,-3.7279756409045604
Kohnen B50 (2×täglich),9,-0.46706672019070083,-7.5286758714803454
Kohnen B50 (2×täglich),9,-0.5577617856928896,-7.223535634382074
Kohnen B50 (2×täglich),9,-0.03964786119325936,-0.19461566087204574
Kohnen B50 (2×täglich),9,0.4535305322050931,7.411807749923241
Kohnen B50 (2×täglich),9,0.6468063101365829,8.646963811436876
Kohnen B50 (2×täglich),9,0.4365861560273743,6.674526181546867
Kohnen B50 (2×täglich),9,0.39832502679360005,5.317390740352721
Kohnen B50 (2×täglich),9,0.18674338444668592,3.112521477395717
Kohnen B50 (2×täglich),9,-0.09039222558726578,-1.8025270790445802
Kohnen B50 (2×täglich),9,-0.4207408587362238,-6.554973240759068
Kohnen B50 (2×täglich),9,-0.5084419349756786,-6.922368652872819
Kohnen B50 (2×täglich),9,-0.24881760447925672,-4.183820516065907
Kohnen B50 (2×täglich),9,-0.20315914573387772,-3.1352138087960384
Kohnen B50 (2×täglich),9,-0.35648241197350217,-5.4178631918916835
Kohnen B50 (2×täglich),9,-0.5914466395182671,-8.735274474137896
Kohnen B50 (2×täglich),9,-0.5245652707941417,-7.518786022596601
Kohnen B50 (2×täglich),9,-0.6098256105531163,-8.09023620432788
Kohnen B50 (2×täglich),9,-0.5164884512183221,-7.13824116417095
Kohnen B50 (2×täglich),9,-0.2321736312111966,-3.0326105732311817
Kohnen B50 (2×täglich),9,0.2551265418873072,3.3366925084034165
Kohnen B50 (2×täglich),9,0.11815588679553457,2.130738519084616
Kohnen B50 (2×täglich),9,0.19824251069167076,3.9753201193881296
Kohnen B50 (2×täglich),9,0.5255296065485027,7.681007747665944
Kohnen B50 (2×täglich),9,0.8333472821746568,11.783149620048789
Kohnen B50 (2×täglich),9,1.1107482282994852,16.234142845375686
Kohnen B50 (2×täglich),9,1.1120217973541457,15.407324272748724
Kohnen B50 (2×täglich),9,0.7163163276615592,8.85056283980282
Kohnen B50 (2×täglich),9,0.1787757823734637,1.9697274841747685
Kohnen B50 (2×täglich),9,-0.12010442529941656,-1.8054239676118868
Kohnen B50 (2×täglich),9,-0.2910781937259799,-3.8715971471474404
Kohnen B50 (2×täglich),9,-0.24161438915371036,-4.586742072752145
Kohnen B50 (2×täglich),9,-0.24278748237804848,-3.306550831329446
Kohnen B50 (2×täglich),9,-0.20285424562871412,-2.8970488431157264
Kohnen B50 (2×täglich),9,-0.24117345624574682,-3.3147615283485266
Kohnen B50 (2×täglich),9,-0.2725960215741452,-4.192603196152845
Kohnen B50 (2×täglich),9,-0.23790384042854384,-3.0986925742555513
Kohnen B50 (2×täglich),9,-0.09741616108271955,-1.6299581988214413
Kohnen B50 (2×täglich),9,-0.15485222827749112,-2.17522353607842
Kohnen B50 (2×täglich),9,-0.13994862556643284,-1.4652009411430527
Kohnen B50 (2×täglich),9,-0.07932635866580995,-1.7401583246881955
Kohnen B50 (2×täglich),9,-0.22393643184415168,-3.8022524862742557
Kohnen B50 (2×täglich),9,-0.23136989217675819,-3.188099766699679
Kohnen B50 (2×täglich),9,-0.10218560613850514,-1.4519055726555052
Kohnen B50 (2×täglich),9,-0.05747898173069643,-0.5777658580992693
Kohnen B50 (2×täglich),9,-0.06102550550934893,-1.4904432436552497
Kohnen B50 (2×täglich),9,-0.17557369310594595,-2.7258670166138472
Kohnen B50 (2×täglich),9,-0.0943635822565625,-1.7836331309322304
Kohnen B50 (2×täglich),9,0.011192474310917078,0.42512237765492955
Kohnen B50 (2×täglich),9,0.20340974547394808,3.331980880615788
Kohnen B50 (2×täglich),9,0.5853879070301105,8.293644757018683
Kohnen B50 (2×täglich),9,0.6729408066021847,10.176760830377702
Kohnen B50 (2×täglich),9,0.5889537638168463,8.646420368649274
Kohnen B50 (2×täglich),9,0.3258687250990988,5.247423085964101
Kohnen B50 (2×täglich),9,0.10926689650148091,1.6817269062931928
Kohnen B50 (2×täglich),9,-0.16894959464508474,-3.2261729209791383
Kohnen B50 (2×täglich),9,-0.39251649026539326,-5.441725590912597
Kohnen B50 (2×täglich),9,-0.04922896631853746,-0.4288802985664688
Kohnen B50 (2×täglich),9,0.35028590455965514,4.542580427665712
Kohnen B50 (2×täglich),9,0.4180627395129477,6.174431333264124
Kohnen B50 (2×täglich),9,0.30759080166831154,3.801956096435333
Kohnen B50 (2×täglich),9,0.010253918020453057,0.5216911434324629
Kohnen B50 (2×täglich),9,-0.40337220475095137,-5.673438210602967
Kohnen B50 (2×täglich),9,-0.9023058707242626,-12.831451094973318
Kohnen B50 (2×täglich),9,-1.0625246874838012,-15.354370313682239
Kohnen B50 (2×täglich),9,-0.6976360110684254,-9.735602283181152
Kohnen B50 (2×täglich),9,-0.1496002322056711,-2.3181304403336753
Kohnen B50 (2×täglich),9,0.1274260871042543,1.3707942843686851
Kohnen B50 (2×täglich),9,0.2072059831448314,3.2364909349454365
Kohnen B50 (2×täglich),9,-0.12023927772730758,-1.5734282712644472
Kohnen B50 (2×täglich),9,-0.5451587276255054,-7.712687013102936
Kohnen B50 (2×täglich),9,-0.34791914052334505,-4.484432363343558
Kohnen B50 (2×täglich),9,0.0876947051366983,1.4941314575755769
Kohnen B50 (2×täglich),9,0.4438793540941788,6.001065051925366
Kohnen B50 (2×täglich),9,0.7393971401015165,9.788170683444719
Kohnen B50 (2×täglich),9,0.7433277903956537,10.254647758722626
Kohnen B50 (2×täglich),9,0.6964408751741757,9.266695826164892
Kohnen B50 (2×täglich),9,0.2889164636883379,3.6914852661136592
Kohnen B50 (2×täglich),9,-0.17531392536085377,-3.1778906341695574
Kohnen B50 (2×täglich),9,-0.577107293857182,-7.050819314153955
Kohnen B50 (2×täglich),9,-0.35517479480517977,-5.045854879974513
Kohnen B50 (2×täglich),9,-0.1528964528176857,-1.6056326443382432
Kohnen B50 (2×täglich),9,0.19327493702547827,2.8407435523389495
Kohnen B50 (2×täglich),9,0.3729496886819561,5.672100145691161
Kohnen B50 (2×täglich),9,0.35950793563443995,4.913152460241349
Kohnen B50 (2×täglich),9,0.1395309135503453,1.1945602649569764
Kohnen B50 (2×täglich),9,-0.15521692287734368,-2.594627782305224
Kohnen B50 (2×täglich),9,-0.28529978909830334,-3.921209932442025
Kohnen B50 (2×täglich),9,-0.21360936062819746,-3.2545030728185793
Kohnen B50 (2×täglich),9,-0.3098400118517475,-4.354597611390886
Kohnen B50 (2×täglich),9,-0.08581746129010526,-1.0758617338934755
Kohnen B50 (2×täglich),9,0.18115089964254594,3.3605030406060905
Kohnen B50 (2×täglich),9,0.279752137615219,4.095072970817341
Kohnen B50 (2×täglich),9,0.05170409112054131,0.09968142124910173
Kohnen B50 (2×täglich),9,-0.20812484323329272,-2.5231734521208864
Kohnen B50 (2×täglich),9,-0.001641987218192753,-0.5837793144899024
Kohnen B50 (2×täglich),9,0.054072153567119585,0.744576168945855
Kohnen B50 (2×täglich),9,0.1601722732331723,3.5629942218786255
Kohnen B50 (2×täglich),9,0.2304286882193196,3.8160166525749446
Kohnen B50 (2×täglich),9,0.2104798775022232,4.281144721471378
Kohnen B50 (2×täglich),9,0.11832962572810857,2.3416688305131856
Kohnen B50 (2×täglich),9,0.0049719589014785015,-0.343620618354862
Kohnen B50 (2×täglich),9,-0.0192192814196801,-0.6882110009659073
Kohnen B50 (2×täglich),9,-0.12758947875823878,-0.9104230264853186
Kohnen B50 (2×täglich),9,-0.20583926065143032,-2.6331313441041857
Kohnen B50 (2×täglich),9,-0.4954116940822928,-6.792153532215025
Kohnen B50 (2×täglich),9,-0.700380377409715,-9.655308027119872
Kohnen B50 (2×täglich),9,-0.538033937196758,-6.898079931788402
Kohnen B50 (2×täglich),9,-0.3920191646145099,-5.255787682522396
Kohnen B50 (2×täglich),9,-0.21561412746251563,-2.223410843924057
Kohnen B50 (2×täglich),9,0.018616844897678675,0.8053625199825092
Kohnen B50 (2×täglich),9,-0.006211477980855307,0.10642900153982282
Kohnen B50 (2×täglich),9,-0.05280817119768244,-0.7064259180217505
Kohnen B50 (2×täglich),9,-0.12138860156341025,-1.1498056463601642
Kohnen B50 (2×täglich),9,0.07809351862420044,1.1377419644226165
Kohnen B50 (2×täglich),9,0.4060751966150633,5.209648138871671
Kohnen B50 (2×täglich),9,0.16944119025197324,2.697556518086344
Kohnen B50 (2×täglich),9,0.25934959175799577,3.0373086218419303
Kohnen B50 (2×täglich),9,0.01684759070741393,-0.0790370182735387
Kohnen B50 (2×täglich),9,0.128506820836094,0.8505581671647633
Kohnen B50 (2×täglich),10,0.8760940968173259,-1.0115500697424977
Kohnen B50 (2×täglich),10,0.5598276275549097,0.20159090951869985
Kohnen B50 (2×täglich),10,0.18440219614035414,-0.9984254829191741
Kohnen B50 (2×täglich),10,0.06316860810784419,-1.9108943353044197
Kohnen B50 (2×täglich),10,-0.22355029377507663,-2.5559372610164246
Kohnen B50 (2×täglich),10,-0.3361433759181409,-1.9816804122355052
Kohnen B50 (2×täglich),10,-0.509578446255432,-2.465734272714826
Kohnen B50 (2×täglich),10,-0.461020739500384,-1.5223064781345101
Kohnen B50 (2×täglich),10,-0.38671945389268103,0.2858600039112389
Kohnen B50 (2×täglich),10,-0.17524396815105092,3.835577761383661
Kohnen B50 (2×täglich),10,-0.16029099432302019,4.595381604466411
Kohnen B50 (2×täglich),10,-0.30242291963133994,1.819195232233028
Kohnen B50 (2×täglich),10,-0.4263688187080561,-0.6994210861952297
Kohnen B50 (2×täglich),10,-0.17292363870780036,2.614690013194604
Kohnen B50 (2×täglich),10,-0.03183978528653597,5.526542316254904
Kohnen B50 (2×täglich),10,0.043872742516271046,4.194316275503752
Kohnen B50 (2×täglich),10,-0.10824194980330049,1.4484145656813325
Kohnen B50 (2×täglich),10,0.08895311016487994,4.124128750418663
Kohnen B50 (2×täglich),10,0.15142908671350597,4.336512168424065
Kohnen B50 (2×täglich),10,0.029882789391422193,1.550789577398632
Kohnen B50 (2×täglich),10,-0.10678308802170022,-1.5453236638734325
Kohnen B50 (2×täglich),10,-0.017687507451569218,-0.6943899743862403
Kohnen B50 (2×täglich),10,0.08647082234602976,1.4000837824228256
Kohnen B50 (2×täglich),10,0.18606990151681657,2.0320268197772293
Kohnen B50 (2×täglich),10,0.04803005850817499,0.6759788262638722
Kohnen B50 (2×täglich),10,-0.14191414825859283,-4.227845792957737
Kohnen B50 (2×täglich),10,-0.4532571212010339,-8.036065966060391
Kohnen B50 (2×täglich),10,-0.3730762201428206,-7.640078398995001
Kohnen B50 (2×täglich),10,-0.19991588682444217,-3.2125575754903366
Kohnen B50 (2×täglich),10,-0.008110883207734787,-0.36721403869523783
Kohnen B50 (2×täglich),10,0.09524180192954645,0.9810049931252252
Kohnen B50 (2×täglich),10,0.06021534340305834,0.79154224578906
Kohnen B50 (2×täglich),10,0.013564591164083595,0.045007111780932973
Kohnen B50 (2×täglich),10,-0.016114416311552304,-0.829935460859474
Kohnen B50 (2×täglich),10,-0.07220539362151612,-1.9233427463135513
Kohnen B50 (2×täglich),10,-0.062307103640080186,-1.2490624732248534
Kohnen B50 (2×täglich),10,0.10377490450963478,1.3860082117195134
Kohnen B50 (2×täglich),10,0.17650415473013936,1.4402934628266166
Kohnen B50 (2×täglich),10,0.0437616249655548,0.469050767737599
Kohnen B50 (2×täglich),10,0.20850390243509764,3.143426502981697
Kohnen B50 (2×täglich),10,0.25761522978484663,4.77428926731136
Kohnen B50 (2×täglich),10,0.2244715880905801,4.743980767681364
Kohnen B50 (2×täglich),10,0.22552776760420556,4.614640977593012
Kohnen B50 (2×täglich),10,0.15877888103688065,2.9432803400593457
Kohnen B50 (2×täglich),10,0.039999040978955236,0.4864648536495224
Kohnen B50 (2×täglich),10,0.00928095730756695,-1.2327950386228395
Kohnen B50 (2×täglich),10,-0.12430185903156143,-1.7897194000800027
Kohnen B50 (2×täglich),10,-0.04277545045994202,-0.9180300135320749
Kohnen B50 (2×täglich),10,0.09732161372966175,1.198892095912015
Kohnen B50 (2×täglich),10,0.11982343772132253,1.224943680921342
Kohnen B50 (2×täglich),10,-0.11871885538283777,-2.767756283612357
Kohnen B50 (2×täglich),10,-0.38225887781351275,-6.723533267242146
Kohnen B50 (2×täglich),10,-0.3786066713828973,-6.6110865390678555
Kohnen B50 (2×täglich),10,-0.2597243987096931,-4.482839098253407
Kohnen B50 (2×täglich),10,-0.16136426838642137,-2.2186742316713435
Kohnen B50 (2×täglich),10,-0.0818766641828006,-0.9576418928601242
Kohnen B50 (2×täglich),10,-0.07195562404405109,-0.6003475909139979
Kohnen B50 (2×täglich),10,-0.018721305828250934,-0.7629523904826101
Kohnen B50 (2×täglich),10,-0.028651155986381127,-0.34937167985867745
Kohnen B50 (2×täglich),10,0.07606443914909278,1.2746451406537744
Kohnen B50 (2×täglich),10,0.25568447622958956,5.674158210608539
Kohnen B50 (2×täglich),10,0.41812345732239464,8.270783225114883
Kohnen B50 (2×täglich),10,0.33389012358497894,6.5539136570606615
Kohnen B50 (2×täglich),10,0.1464464070579652,3.192998534888602
Kohnen B50 (2×täglich),10,-0.04721881114733151,0.34735665263269766
Kohnen B50 (2×täglich),10,-0.07535331395303047,-0.9417885083282727
Kohnen B50 (2×täglich),10,-0.267952843451269,-2.808797555200613
Kohnen B50 (2×täglich),10,-0.15021542441218116,-2.505364428523535
Kohnen B50 (2×täglich),10,-0.05867995876940313,0.18192804227408033
Kohnen B50 (2×täglich),10,0.17047318800678113,2.5199112978789344
Kohnen B50 (2×täglich),10,0.06077596092524118,1.2556491936747989
Kohnen B50 (2×täglich),10,0.14407287725504148,2.306601966724429
Kohnen B50 (2×täglich),10,-0.022731007298659733,-0.6599923681318387
Kohnen B50 (2×täglich),10,-0.21532048842942686,-4.756229129387066
Kohnen B50 (2×täglich),10,-0.30752705753656073,-7.159814746645793
Kohnen B50 (2×täglich),10,-0.24040801390157185,-6.057684911410661
Kohnen B50 (2×täglich),10,0.09536065953597017,-1.472959134874941
Kohnen B50 (2×täglich),10,0.5286373627768626,4.405424175770463
Kohnen B50 (2×täglich),10,0.6003036852391119,5.119034492081255
Kohnen B50 (2×täglich),10,0.512188514932177,2.5969849988617852
Kohnen B50 (2×täglich),10,0.2891974848395762,-1.5534153158592972
Kohnen B50 (2×täglich),10,0.45891054180913216,-2.0204621658255064
Kohnen B50 (2×täglich),10,-0.5982778682849244,-0.46518366286250057
Kohnen B50 (2×täglich),10,-0.4245565528719908,1.1377038327459559
Kohnen B50 (2×täglich),10,-0.4615870801814026,0.4041772586093657
Kohnen B50 (2×täglich),10,-0.4963278721206166,-1.804228003283697
Kohnen B50 (2×täglich),10,0.39210094845287813,8.017559628590789
Kohnen B50 (2×täglich),10,0.3262831756956075,7.2383819755398235
Kohnen B50 (2×täglich),10,0.5523893245964473,9.506747475887892
Kohnen B50 (2×täglich),10,0.3686482111362466,6.965473130937767
Kohnen B50 (2×täglich),10,0.11391041093844478,1.7650426086603375
Kohnen B50 (2×täglich),10,-0.39730663802828303,-7.431505608698558
Kohnen B50 (2×täglich),10,-0.8756862337833127,-14.054517011859502
Kohnen B50 (2×täglich),10,-0.8002968523825871,-13.438972781191296
Kohnen B50 (2×täglich),10,-0.5010624291656995,-9.126687430396942
Kohnen B50 (2×täglich),10,-0.22938176986286862,-4.1504199176231396
Kohnen B50 (2×täglich),10,0.018604821683254613,-0.0434847565727523
Kohnen B50 (2×täglich),10,0.2770340353066558,3.754901069602397
Kohnen B50 (2×täglich),10,0.1862311312876841,3.635106337554589
Kohnen B50 (2×täglich),10,0.0037393938256968795,-0.47636038226562505
Kohnen B50 (2×täglich),10,-0.16344031660509017,-2.994823852741547
Kohnen B50 (2×täglich),10,-0.13629243985491257,-1.5270532812007787
Kohnen B50 (2×täglich),10,0.21184265954588,3.506182125029227
Kohnen B50 (2×täglich),10,0.3484627069028079,6.469977560656616
Kohnen B50 (2×täglich),10,0.44708232889689725,8.352735151800289
Kohnen B50 (2×täglich),10,0.4823226403303238,8.080590532693805
Kohnen B50 (2×täglich),10,0.21275595640446454,4.403846004236698
Kohnen B50 (2×täglich),10,0.05163588379986095,1.0306927562171495
Kohnen B50 (2×täglich),10,-0.019862797735470394,-0.7668446882419175
Kohnen B50 (2×täglich),10,-0.009951707006905508,-1.1697936392175734
Kohnen B50 (2×täglich),10,-0.14906765628808216,-1.932186329666024
Kohnen B50 (2×täglich),10,-0.21976229342612896,-3.7349222874538555
Kohnen B50 (2×täglich),10,-0.16826051407292653,-3.269178818223736
Kohnen B50 (2×täglich),10,-0.18305113316330335,-2.9611887831746344
Kohnen B50 (2×täglich),10,-0.1036331383659217,-1.265018650901311
Kohnen B50 (2×täglich),10,0.041339444841526074,1.6512746889640084
Kohnen B50 (2×täglich),10,0.29363903233559085,4.886333854777149
Kohnen B50 (2×täglich),10,0.13842144084463825,2.264468131560079
Kohnen B50 (2×täglich),10,-0.12717694652764067,-2.2216798623314844
Kohnen B50 (2×täglich),10,-0.3435168041434622,-5.435578619652915
Kohnen B50 (2×täglich),10,-0.34712721019047876,-5.941192807809784
Kohnen B50 (2×täglich),10,-0.38760035928930847,-6.384580908821363
Kohnen B50 (2×täglich),10,-0.30274030972066157,-5.423796581809711
Kohnen B50 (2×täglich),10,-0.08097117877525761,-1.8117268192297615
Kohnen B50 (2×täglich),10,0.08624529698408878,1.4477413864631217
Kohnen B50 (2×täglich),10,0.001436492155448832,0.6089163126981703
Kohnen B50 (2×täglich),10,-0.044112787094263695,-0.8625257759197211
Kohnen B50 (2×täglich),10,0.1343141547138771,1.9808023311377383
Kohnen B50 (2×täglich),10,0.38738780381208926,6.872510066622226
Kohnen B50 (2×täglich),10,0.4281983575751269,7.525262418840498
Kohnen B50 (2×täglich),10,0.3169912301572708,4.77100215387668
Kohnen B50 (2×täglich),10,-0.09419494586637711,-1.1121299200285648
Kohnen B50 (2×täglich),10,-0.05061231997416371,-0.993084062590583
Kohnen B50 (2×täglich),10,0.145746134727176,2.7421403347833575
Kohnen B50 (2×täglich),10,0.36974239368703365,6.054821658465698
Kohnen B50 (2×täglich),10,0.4176020089659005,7.2545160726061795
Kohnen B50 (2×täglich),10,0.35393564000685274,5.469722475004346
Kohnen B50 (2×täglich),10,0.003023838516469368,0.32103106955935345
Kohnen B50 (2×täglich),10,-0.4983810375875919,-8.706976131540841
Kohnen B50 (2×täglich),10,-0.8562576611268469,-13.946439338330379
Kohnen B50 (2×täglich),10,-0.4358235730137494,-7.1642209830658885
Kohnen B50 (2×täglich),10,-0.0176015736101931,0.30281650199628984
Kohnen B50 (2×täglich),10,0.3562417996079148,5.712271523661116
Kohnen B50 (2×täglich),10,0.3016417709318375,4.470924785493253
Kohnen B50 (2×täglich),10,0.06508101092350671,0.6696595225979536
Kohnen B50 (2×täglich),10,-0.0938202331752791,-2.1921410299199806
Kohnen B50 (2×täglich),10,-0.14479376019238543,-1.5059825258435922
Kohnen B50 (2×täglich),10,0.04729710889250782,0.8801293810428206
Kohnen B50 (2×täglich),10,0.1697306230283857,2.39375678188253
Kohnen B50 (2×täglich),10,0.006482607950886177,0.21056833675947928
Kohnen B50 (2×täglich),10,0.0016438730554568792,-0.4956984213636133
Kohnen B50 (2×täglich),10,-0.08889676765733157,-0.6438615150807436
Kohnen B50 (2×täglich),10,-0.011098888911931226,0.3169276996800363
Kohnen B50 (2×täglich),10,-0.02875523807688296,-0.6610932441182058
Kohnen B50 (2×täglich),10,-0.18987922344848585,-2.6920439921702837
Kohnen B50 (2×täglich),10,-0.37372875458174803,-4.984734061466611
Kohnen B50 (2×täglich),10,-0.29925518825990594,-4.426238503770378
Kohnen B50 (2×täglich),10,-0.1377448689652283,-2.909410148621305
Kohnen B50 (2×täglich),10,0.07061800764773807,0.23756484110651854
Kohnen B50 (2×täglich),10,0.1556316121451573,2.6942135839171897
Kohnen B50 (2×täglich),10,0.22539854084868693,3.6608274630439155
Kohnen B50 (2×täglich),10,0.050696244542791646,0.8572278238183344
Kohnen B50 (2×täglich),10,-0.19773531705880032,-2.858097321761079
Kohnen B50 (2×täglich),10,-0.04093372336910761,-0.8660488505850026
Kohnen B50 (2×täglich),10,0.0820498645524026,1.5603056937891324
Kohnen B50 (2×täglich),10,0.21052468780879963,3.4260513993498307
Kohnen B50 (2×täglich),10,0.28034285596589825,4.003297983207403
Kohnen B50 (2×täglich),10,0.07754426848549656,1.4170704010413147
Kohnen B50 (2×täglich),10,0.10958977304653672,1.903615830754461
Kohnen B50 (2×täglich),10,0.22156279376162047,3.0087925613602238
Kohnen B50 (2×täglich),10,0.2772078875210582,3.461465813006612
Kohnen B50 (2×täglich),10,-0.04832659872988643,-0.26155474382483135
Kohnen B50 (2×täglich),10,-0.06466898843626723,-0.10021636684189161
Kohnen B50 (2×täglich),10,-0.09811989083630124,-1.1395218693083962
Kohnen B50 (2×täglich),10,-0.16014450412882297,-2.722418508932037
Kohnen B50 (2×täglich),10,-0.09820392696013869,-1.8715757656431151
Kohnen B50 (2×täglich),10,-0.15051107570940303,-1.8588634406648907
Kohnen B50 (2×täglich),10,-0.07448610687532664,-1.2691855986782912
Kohnen B50 (2×täglich),10,-0.046041525614270995,-0.4831520036918846
Kohnen B50 (2×täglich),10,-0.04427894005232247,-0.8044279752684815
Kohnen B50 (2×täglich),10,0.07637067604093772,0.41521005591641824
Kohnen B50 (2×täglich),10,0.2078297386134409,2.4969648371999256
Kohnen B50 (2×täglich),10,0.23819856757967273,4.549463661169057
Kohnen B50 (2×täglich),10,0.2975024413487404,4.112094692803339
Kohnen B50 (2×täglich),10,0.16141720578843888,2.5449683193037345
Kohnen B50 (2×täglich),10,-0.04003172675481892,0.6189171500946031
Kohnen B50 (2×täglich),10,-0.07179593946204932,-1.0011706498451076
Kohnen B50 (2×täglich),10,-0.2404134058906493,-4.250817173153791
Kohnen B50 (2×täglich),10,-0.27767460549910084,-3.9972741868228923
Kohnen B50 (2×täglich),10,-0.12658557533740122,-1.8609147040689322
Kohnen B50 (2×täglich),10,-0.09115149676119927,-1.0537784047753576
Kohnen B50 (2×täglich),10,-0.0553264272866727,-1.415349413269837
Kohnen B50 (2×täglich),10,-0.1262327313327205,-1.3502785205467944
Kohnen B50 (2×täglich),10,-0.2752344450698274,-5.007031190855628
Kohnen B50 (2×täglich),10,-0.3803078490562939,-6.302577523180503
Kohnen B50 (2×täglich),10,-0.23781357576524442,-4.478075260618311
Kohnen B50 (2×täglich),10,-0.1364733335407209,-1.8322932573768185
Kohnen B50 (2×täglich),10,0.1339226363228363,1.9064996323362493
Kohnen B50 (2×täglich),10,0.38967115528265595,5.6030345543130124
Kohnen B50 (2×täglich),10,0.31047920406734875,5.185360807165466
Kohnen B50 (2×täglich),10,0.19817073950889608,2.9195816512800548
Kohnen B50 (2×täglich),10,0.027429655560240462,0.9453425084443552
Kohnen B50 (2×täglich),10,0.0487359967280554,0.5302332448886773
Kohnen B50 (2×täglich),10,0.06605156088568265,0.8931215046237639
Kohnen B50 (2×täglich),10,0.06286213993433876,0.45442146478023915
Kohnen B50 (2×täglich),10,-0.06584835623613117,-1.2473581716174067
Kohnen B50 (2×täglich),10,0.08336530331121139,1.6695420282810574
Kohnen B50 (2×täglich),10,0.03390389528590276,1.584937052879468
Kohnen B50 (2×täglich),10,-0.06692705576938351,-0.43358033163895016
Kohnen B50 (2×täglich),10,-0.08493850438640038,-0.8065284702026929
Kohnen B50 (2×täglich),10,-0.050770880363870674,-1.462574522494947
Kohnen B50 (2×täglich),10,-0.2346444580041407,-3.224840808892395
Kohnen B50 (2×täglich),10,-0.2245466459598333,-3.406611748694445
Kohnen B50 (2×täglich),10,0.03027981022540871,0.4885504610207363
Kohnen B50 (2×täglich),10,0.1864227069034996,2.4550280676207876
Kohnen B50 (2×täglich),10,0.22234030981849173,2.7405366518048595
Kohnen B50 (2×täglich),10,0.05062842290470826,-0.021096728490988426
Kohnen B50 (2×täglich),10,-0.18616384594594138,-3.4916460333566874
Kohnen B50 (2×täglich),10,0.15405288758074676,2.341675013092413
Kohnen B50 (2×täglich),10,0.6095703358113269,9.346930464518778
Kohnen B50 (2×täglich),10,0.24548920346489922,4.239462152362989
Kohnen B50 (2×täglich),10,-0.42095926702501174,-6.450832536379153
Kohnen B50 (2×täglich),10,-0.5170735538513327,-7.061334114742863
Kohnen B50 (2×täglich),10,-0.267271078939757,-4.253985879288507
Kohnen B50 (2×täglich),10,-0.027867508634926708,-0.1823179516414939
Kohnen B50 (2×täglich),10,0.3836862128565599,5.346972879906048
Kohnen B50 (2×täglich),10,0.5255839370619242,8.227412049284226
Kohnen B50 (2×täglich),10,0.3038683470322212,3.9420329126413662
Kohnen B50 (2×täglich),10,-0.030419590217434234,-0.9584786508634124
Kohnen B50 (2×täglich),10,-0.3260421185444784,-5.11384064500578
Kohnen B50 (2×täglich),10,-0.5171955989240473,-7.591937740227763
Kohnen B50 (2×täglich),10,-0.373731966789137,-5.402543495860527
Kohnen B50 (2×täglich),10,-0.10590651447017763,-1.9544870267906163
Kohnen B50 (2×täglich),10,0.15517283382848746,2.373958024362082
Kohnen B50 (2×täglich),10,0.36361755305591714,5.197480193281535
Kohnen B50 (2×täglich),10,0.42710965541203905,7.195554743644607
Kohnen B50 (2×täglich),10,0.3848116077307395,6.426934716907681
Kohnen B50 (2×täglich),10,0.3284901179299027,5.305650932302797
Kohnen B50 (2×täglich),10,0.0737733438000987,1.2086786535093097
Kohnen B50 (2×täglich),10,-0.2081385328409624,-3.081635573226208
Kohnen B50 (2×täglich),10,-0.15228984621273867,-2.406097370991006
Kohnen B50 (2×täglich),10,-0.09298658611101018,-1.9323486189977075
Kohnen B50 (2×täglich),10,-0.25936282604988037,-3.7279756409045604
Kohnen B50 (2×täglich),10,-0.4925958463530833,-7.5286758714803454
Kohnen B50 (2×täglich),10,-0.4299831490683914,-7.223535634382074
Kohnen B50 (2×täglich),10,-0.03264165980709777,-0.19461566087204574
Kohnen B50 (2×täglich),10,0.4728021678133132,7.411807749923241
Kohnen B50 (2×täglich),10,0.590435479885798,8.646963811436876
Kohnen B50 (2×täglich),10,0.435951240426391,6.674526181546867
Kohnen B50 (2×täglich),10,0.35526405824981566,5.317390740352721
Kohnen B50 (2×täglich),10,0.20637662134248558,3.112521477395717
Kohnen B50 (2×täglich),10,-0.070026019869828815,-1.8025270790445802
Kohnen B50 (2×täglich),10,-0.44135897316266437,-6.554973240759068
Kohnen B50 (2×täglich),10,-0.4474685956310509,-6.922368652872819
Kohnen B50 (2×täglich),10,-0.2399155963317412,-4.183820516065907
Kohnen B50 (2×täglich),10,-0.23341360074624617,-3.1352138087960384
Kohnen B50 (2×täglich),10,-0.333938133955769,-5.4178631918916835
Kohnen B50 (2×täglich),10,-0.5893840210120516,-8.735274474137896
Kohnen B50 (2×täglich),10,-0.4925739681596042,-7.518786022596601
Kohnen B50 (2×täglich),10,-0.5165617016515966,-8.09023620432788
Kohnen B50 (2×täglich),10,-0.4962659209439835,-7.13824116417095
Kohnen B50 (2×täglich),10,-0.20228262382460116,-3.0326105732311817
Kohnen B50 (2×täglich),10,0.23296466969213725,3.3366925084034165
Kohnen B50 (2×täglich),10,0.12911213593724824,2.130738519084616
Kohnen B50 (2×täglich),10,0.24018364253208802,3.9753201193881296
Kohnen B50 (2×täglich),10,0.45826819263794505,7.681007747665944
Kohnen B50 (2×täglich),10,0.7544073346394953,11.783149620048789
Kohnen B50 (2×täglich),10,1.0701004405433423,16.234142845375686
Kohnen B50 (2×täglich),10,0.9883992284898113,15.407324272748724
Kohnen B50 (2×täglich),10,0.5678312312227263,8.85056283980282
Kohnen B50 (2×täglich),10,0.1894113729221658,1.9697274841747685
Kohnen B50 (2×täglich),10,-0.09487990762835352,-1.8054239676118868
Kohnen B50 (2×täglich),10,-0.181242898285916,-3.8715971471474404
Kohnen B50 (2×täglich),10,-0.3287345022329191,-4.586742072752145
Kohnen B50 (2×täglich),10,-0.22013213594362924,-3.306550831329446
Kohnen B50 (2×täglich),10,-0.1503022739441917,-2.8970488431157264
Kohnen B50 (2×täglich),10,-0.21667665504310207,-3.3147615283485266
Kohnen B50 (2×täglich),10,-0.27315197689148363,-4.192603196152845
Kohnen B50 (2×täglich),10,-0.22535498639086882,-3.0986925742555513
Kohnen B50 (2×täglich),10,-0.10331034962973717,-1.6299581988214413
Kohnen B50 (2×täglich),10,-0.12194581186264486,-2.17522353607842
Kohnen B50 (2×täglich),10,-0.14073384822665957,-1.4652009411430527
Kohnen B50 (2×täglich),10,-0.08496395787460642,-1.7401583246881955
Kohnen B50 (2×täglich),10,-0.27490691220322105,-3.8022524862742557
Kohnen B50 (2×täglich),10,-0.1883802601483353,-3.188099766699679
Kohnen B50 (2×täglich),10,-0.0802646711619559,-1.4519055726555052
Kohnen B50 (2×täglich),10,-0.011202544655475322,-0.5777658580992693
Kohnen B50 (2×täglich),10,-0.10767906185549236,-1.4904432436552497
Kohnen B50 (2×täglich),10,-0.22625241873441837,-2.7258670166138472
Kohnen B50 (2×täglich),10,-0.07203879071937536,-1.7836331309322304
Kohnen B50 (2×täglich),10,0.028664099332331716,0.42512237765492955
Kohnen B50 (2×täglich),10,0.2137015475156545,3.331980880615788
Kohnen B50 (2×täglich),10,0.542563396201956,8.293644757018683
Kohnen B50 (2×täglich),10,0.686255989542417,10.176760830377702
Kohnen B50 (2×täglich),10,0.5067142618386811,8.646420368649274
Kohnen B50 (2×täglich),10,0.3939914886217366,5.247423085964101
Kohnen B50 (2×täglich),10,0.10808835197195776,1.6817269062931928
Kohnen B50 (2×täglich),10,-0.1797578299971292,-3.2261729209791383
Kohnen B50 (2×täglich),10,-0.3575652739655766,-5.441725590912597
Kohnen B50 (2×täglich),10,-0.003842711308266189,-0.4288802985664688
Kohnen B50 (2×täglich),10,0.2690453811950988,4.542580427665712
Kohnen B50 (2×täglich),10,0.38565149882430205,6.174431333264124
Kohnen B50 (2×täglich),10,0.27106622112427203,3.801956096435333
Kohnen B50 (2×täglich),10,0.011744310583594597,0.5216911434324629
Kohnen B50 (2×täglich),10,-0.417809649711387,-5.673438210602967
Kohnen B50 (2×täglich),10,-0.8521046854212955,-12.831451094973318
Kohnen B50 (2×täglich),10,-0.9890775788576889,-15.354370313682239
Kohnen B50 (2×täglich),10,-0.6726738359290607,-9.735602283181152
Kohnen B50 (2×täglich),10,-0.14411119035884212,-2.3181304403336753
Kohnen B50 (2×täglich),10,0.06560207129524542,1.3707942843686851
Kohnen B50 (2×täglich),10,0.23544958465038235,3.2364909349454365
Kohnen B50 (2×täglich),10,-0.07333376254337054,-1.5734282712644472
Kohnen B50 (2×täglich),10,-0.4414466421991392,-7.712687013102936
Kohnen B50 (2×täglich),10,-0.29085496242231557,-4.484432363343558
Kohnen B50 (2×täglich),10,0.1413962819682979,1.4941314575755769
Kohnen B50 (2×täglich),10,0.43375498070474805,6.001065051925366
Kohnen B50 (2×täglich),10,0.68502410157123,9.788170683444719
Kohnen B50 (2×täglich),10,0.7091871422062468,10.254647758722626
Kohnen B50 (2×täglich),10,0.5867858313806096,9.266695826164892
Kohnen B50 (2×täglich),10,0.15464325404224155,3.6914852661136592
Kohnen B50 (2×täglich),10,-0.2037615777794599,-3.1778906341695574
Kohnen B50 (2×täglich),10,-0.5067393040150137,-7.050819314153955
Kohnen B50 (2×täglich),10,-0.33784298460659556,-5.045854879974513
Kohnen B50 (2×täglich),10,-0.09205591319272344,-1.6056326443382432
Kohnen B50 (2×täglich),10,0.18719391832888732,2.8407435523389495
Kohnen B50 (2×täglich),10,0.34362211460603476,5.672100145691161
Kohnen B50 (2×täglich),10,0.3592766990294649,4.913152460241349
Kohnen B50 (2×täglich),10,0.011989541654600089,1.1945602649569764
Kohnen B50 (2×täglich),10,-0.21553045901612222,-2.594627782305224
Kohnen B50 (2×täglich),10,-0.24657930028126884,-3.921209932442025
Kohnen B50 (2×täglich),10,-0.23249608288722357,-3.2545030728185793
Kohnen B50 (2×täglich),10,-0.2895503954647438,-4.354597611390886
Kohnen B50 (2×täglich),10,-0.026750712208922778,-1.0758617338934755
Kohnen B50 (2×täglich),10,0.29470508192019906,3.3605030406060905
Kohnen B50 (2×täglich),10,0.24890923916842667,4.095072970817341
Kohnen B50 (2×täglich),10,0.004035304165483922,0.09968142124910173
Kohnen B50 (2×täglich),10,-0.13592398996564725,-2.5231734521208864
Kohnen B50 (2×täglich),10,-0.014345016928984933,-0.5837793144899024
Kohnen B50 (2×täglich),10,0.09717455786528717,0.744576168945855
Kohnen B50 (2×täglich),10,0.24326117308959283,3.5629942218786255
Kohnen B50 (2×täglich),10,0.23119088255896258,3.8160166525749446
Kohnen B50 (2×täglich),10,0.24163068890459272,4.281144721471378
Kohnen B50 (2×täglich),10,0.1743624680159428,2.3416688305131856
Kohnen B50 (2×täglich),10,-0.01153872526771238,-0.343620618354862
Kohnen B50 (2×täglich),10,-0.09346872114690541,-0.6882110009659073
Kohnen B50 (2×täglich),10,-0.07941021254964653,-0.9104230264853186
Kohnen B50 (2×täglich),10,-0.19829336848431467,-2.6331313441041857
Kohnen B50 (2×täglich),10,-0.46779963161469595,-6.792153532215025
Kohnen B50 (2×täglich),10,-0.6778620022984683,-9.655308027119872
Kohnen B50 (2×täglich),10,-0.5064139882904328,-6.898079931788402
Kohnen B50 (2×täglich),10,-0.38244713947221953,-5.255787682522396
Kohnen B50 (2×täglich),10,-0.1869349153054145,-2.223410843924057
Kohnen B50 (2×täglich),10,0.047996220764900954,0.8053625199825092
Kohnen B50 (2×täglich),10,-0.020439109697178992,0.10642900153982282
Kohnen B50 (2×täglich),10,-0.003722070673006783,-0.7064259180217505
Kohnen B50 (2×täglich),10,-0.13922409621613951,-1.1498056463601642
Kohnen B50 (2×täglich),10,0.11310511429485359,1.1377419644226165
Kohnen B50 (2×täglich),10,0.3834623185525743,5.209648138871671
Kohnen B50 (2×täglich),10,0.17075127693999548,2.697556518086344
Kohnen B50 (2×täglich),10,0.2397402258367265,3.0373086218419303
Kohnen B50 (2×täglich),10,-0.015166589875548198,-0.0790370182735387
Kohnen B50 (2×täglich),10,0.09173063630640854,0.8505581671647633
