"Kopf","z","b","sd_vor","sd_nach","rate_vor","rate_nach","rse_vor","rse_nach","rho_vor","rho_nach","tau_vor","tau_nach"
"head04 (B40)",5.02,10.4864632663772,97.0343108902806,72.4152326634755,675.34754908546,677.188144827997,2086.92545778239,2634.67041567864,0.96472032354589,0.98144325940224,1,1
"head04 (B40)",8.03,11.478276117368,78.1935734953423,33.4081740223511,1901.37567699917,1903.39035684087,112.462760752585,176.176510753838,0.545478365901605,0.856385186843603,1,1
"head04 (B40)",10.04,10.3649659302322,72.4044185619295,34.1586830784776,888.373040268955,890.19231066341,46.4003325146822,34.0970188239836,0.138693642504265,0.355653236278144,1,1
"head04 (B40)",13.05,8.38577028012284,54.5575058052437,17.5727838681921,87.8062915803187,89.2781713441239,33.7199689211086,27.5267480693838,0.113171399918569,0.577596691955408,1,1
"head04 (B40)",16.06,7.11679514935948,44.3390364049383,6.67284765723128,-65.9318746836394,-64.6827268517836,22.2271928512907,10.8891071830371,-0.0386459009774704,0.610857341891095,1,1
"head04 (B40)",21.07,6.84981473638768,42.6211898253602,5.77444921051484,7.59473690973253,8.84345241646946,20.8831451343817,11.1311424249309,-0.0617138495138208,0.664839239903056,1,1
"head04 (B40)",26.085,2.53792154319911,15.6941384469508,1.09506856048588,42.4731814752298,42.9106395325507,8.00953805140024,7.53511714752051,-0.027429576997349,0.890513659184551,1,1
"head04 (B40)",32.1,2.28661474058365,14.2077470364559,1.7606990648051,24.0210372974808,24.4021360822172,7.28866304040474,4.46742086904403,-0.0233431732294162,0.715314998027184,1,1
"head04 (B40)",40.135,0.663301796496453,4.08521822631172,0.257559534623521,8.09535011861987,8.2091359116331,2.11333321470732,2.26349888523225,-0.015060697696773,0.913975590447004,1,1
"head04 (B40)",50.18,0.525358422478188,3.25517494999715,0.279029658787525,4.03291260834146,4.12541947386952,1.67609288315553,1.32412741100347,-0.0195667552937348,0.838740257506003,1,1
"head04 (B40)",62.23,0.153244984595806,0.955501247966953,0.16347853035857,4.97105535391127,4.99927786642655,0.509989474397242,0.362171371465586,0.00654705352765962,0.692182407035642,1,1
"head04 (B40)",75.31,0.0862571428929811,0.54765713792931,0.132934748247576,4.99760216527476,5.01274211531376,0.301290339161435,0.188108001544048,0.0350988367928076,0.545169399785837,1,1
"head04 (B40)",92.39,0.0207154038760015,0.130920576858728,0.0293377352190871,4.10798320888533,4.11161919972001,0.0707195314742294,0.0498159658386299,0.0123849798339922,0.608698813562797,1,1
"head04 (B40)",111.48,0.0184783757321229,0.116432432461617,0.0245595866198598,2.99446632027766,2.99770966540845,0.0616808469887104,0.0464078349178807,-0.00981531330933491,0.636752551231107,1,1
"head04 (B40)",133.56,0.015930564204767,0.10070606026876,0.0226747945308235,2.49720746998671,2.50000362040516,0.0556029473930678,0.0475142774679561,0.0220205004360028,0.677291791643098,1,1
"head04 (B40)",157.66,0.0191837696301661,0.120397592871053,0.0231171801579855,1.52443418482302,1.5278013414824,0.0629970408858421,0.0413157304146215,-0.0132233099300902,0.61512675918026,1,1
"head04 (B40)",187.1,0.0250190228844191,0.157255182014964,0.0313521152062654,0.919786774206479,0.924178141046098,0.0911112975187733,0.0873444387746584,0.0548668504561864,0.727767751866553,1,1
"head04 (B40)",201.24,0.0122192302437521,0.0817392725097173,0.0318914810317543,0.80572098464479,0.807865717602123,0.0684456895535828,0.107370614450469,0.281833328907312,0.820788383995794,1,1
"head03 (B50, Luft)",5,12.3998786781996,89.7831883572075,39.3332411925795,1585.82126269782,1588.91589298036,74.5649077590467,78.1332937319297,0.553012754500846,0.786145082731368,1,1
"head03 (B50, Luft)",8,3.12309734223205,22.4536673004905,9.5367695091098,410.886274348291,411.665703878322,46.0790345265353,82.2957634666077,0.818916538258459,0.954623857634276,2,2
"head03 (B50, Luft)",10,3.23154799196313,22.2095344831231,7.1308987572094,34.3416349907823,35.1481304843548,26.095961811173,45.0181867706105,0.681414593364476,0.932107095172812,1,1
"head03 (B50, Luft)",13,2.86865015540548,19.0721228746506,3.88814359801801,-61.1699118899418,-60.4539845916951,11.5754791323978,7.70500967681086,0.432193274461827,0.779818590684699,1,1
"head03 (B50, Luft)",16,3.32968938055457,22.1546113123584,4.59706850593275,-7.11243988627417,-6.2814513052352,11.6899972731879,3.08125674240976,0.350340292106089,0.428879725071558,1,1
"head03 (B50, Luft)",21,2.01657285076675,13.2102355532059,1.8502980039085,41.9557446486348,42.4689968358987,7.17554150737383,2.39885920993153,0.370811264587796,0.705910816366203,1,1
"head03 (B50, Luft)",26,0.801634457371079,5.24686747895625,0.558692746718558,31.1076298180984,31.3078814489888,3.07503021820047,1.14363244071324,0.429425024309174,0.769091784568803,2,1
"head03 (B50, Luft)",32,0.647749069016089,4.22706534233253,0.273432080224695,13.1025070249918,13.2637461120029,2.45117644994745,1.27485122780906,0.421118408786298,0.893066254208964,2,1
"head03 (B50, Luft)",40,0.413866007767581,2.69550742196261,0.130732597702867,4.16556898559137,4.26759075057843,1.56154545370612,1.05981036250829,0.421471629028628,0.942930061838927,2,1
"head03 (B50, Luft)",50,0.242591189438474,1.58325428397582,0.102842743689721,2.82990474145438,2.88965095014603,0.929586002812099,0.557566507649957,0.431826801693962,0.921975299438163,2,1
"head03 (B50, Luft)",62,0.210106849689733,1.38538295318564,0.185759887808192,3.68529005428808,3.73810678876933,0.802340362903623,0.219859448011245,0.424615730542776,0.627559613156211,2,1
